code,slug,variant,finish-description,body-colour,accent-colours,top-material,dimensions-cm,accessories,source-file,path
MPS004BAS+SUP,MPS004BAS-SUP,main,,,,,,,MPS004BAS+SUP.jpg,images/MPS004BAS-SUP/main.jpg
MPS005BAS,MPS005BAS,main,,,,,,,MPS005BAS.jpg,images/MPS005BAS/main.jpg
MPS005SUP,MPS005SUP,main,,,,,,,MPS005SUP.jpg,images/MPS005SUP/main.jpg
MPS006BAS,MPS006BAS,main,,,,,,,MPS006BAS.jpg,images/MPS006BAS/main.jpg
MPS014BAS+SUP,MPS014BAS-SUP,main,,,,,,,MPS014BAS+SUP.jpg,images/MPS014BAS-SUP/main.jpg
MPS016BAS+SUP,MPS016BAS-SUP,main,,,,,,,MPS016BAS+SUP.jpg,images/MPS016BAS-SUP/main.jpg
MPS019BAS+SUP,MPS019BAS-SUP,main,,,,,,,MPS019BAS+SUP.jpg,images/MPS019BAS-SUP/main.jpg
MPS020BAS+SUP,MPS020BAS-SUP,main,,,,,,,MPS020BAS+SUP.jpg,images/MPS020BAS-SUP/main.jpg
OPS1001-160,OPS1001-160,main,,,,,,,OPS1001-160.jpg,images/OPS1001-160/main.jpg
OPS1003-120-TOP Z,OPS1003-120-TOP-Z,main,,,,,,,OPS1003-120-TOP Z.jpg,images/OPS1003-120-TOP-Z/main.jpg
OPS138B,OPS138B,main,,,,,,,OPS138B.jpg,images/OPS138B/main.jpg
OPS626,OPS626,main,,,,,,,OPS626.jpg,images/OPS626/main.jpg
OPS630,OPS630,main,,,,,,,OPS630.jpg,images/OPS630/main.jpg
OPS737,OPS737,main,,,,,,,OPS737.jpg,images/OPS737/main.jpg
OPS738,OPS738,main,,,,,,,OPS738.jpg,images/OPS738/main.jpg
OPS739,OPS739,main,,,,,,,OPS739.jpg,images/OPS739/main.jpg
OPS740,OPS740,main,,,,,,,OPS740.jpg,images/OPS740/main.jpg
OPS741,OPS741,main,,,,,,,OPS741.jpg,images/OPS741/main.jpg
OPS742,OPS742,main,,,,,,,OPS742.jpg,images/OPS742/main.jpg
OPS786-180,OPS786-180,main,,,,,,,OPS786-180.jpg,images/OPS786-180/main.jpg
OPS786-210,OPS786-210,main,,,,,,,OPS786-210.jpg,images/OPS786-210/main.jpg
OPS786-240,OPS786-240,main,,,,,,,OPS786-240.jpg,images/OPS786-240/main.jpg
OPS798BAS-SUP,OPS798BAS-SUP,main,,,,,,,OPS798BAS-SUP.jpg,images/OPS798BAS-SUP/main.jpg
OPS799BAS-SUP,OPS799BAS-SUP,main,,,,,,,OPS799BAS-SUP.jpg,images/OPS799BAS-SUP/main.jpg
PS1001-160,PS1001-160,main,,,,,,,PS1001-160.jpg,images/PS1001-160/main.jpg
PS1001-180,PS1001-180,main,,,,,,,PS1001-180.jpg,images/PS1001-180/main.jpg
PS1001-180-TOP OAK,PS1001-180-TOP-OAK,main,,,,,,,PS1001-180-TOP OAK.jpg,images/PS1001-180-TOP-OAK/main.jpg
PS1001-180GAL,PS1001-180GAL,main,,,,,,,PS1001-180GAL.jpg,images/PS1001-180GAL/main.jpg
PS1003-120,PS1003-120,main,,,,,,,PS1003-120.jpg,images/PS1003-120/main.jpg
PS1003-120-TOP Z,PS1003-120-TOP-Z,main,,,,,,,PS1003-120-TOP Z.jpg,images/PS1003-120-TOP-Z/main.jpg
PS107BAS,PS107BAS,main,,,,,,,PS107BAS.jpg,images/PS107BAS/main.jpg
PS107BAS-TOP OAK,PS107BAS-TOP-OAK,main,,,,,,,PS107BAS-TOP OAK.jpg,images/PS107BAS-TOP-OAK/main.jpg
PS107SUP,PS107SUP,main,,,,,,,PS107SUP.jpg,images/PS107SUP/main.jpg
PS114-2D-90x200,PS114-2D-90X200,main,,,,,,,PS114-2D-90x200.jpg,images/PS114-2D-90X200/main.jpg
PS116BAS-SUP,PS116BAS-SUP,main,,,,,,,PS116BAS-SUP.jpg,images/PS116BAS-SUP/main.jpg
PS119,PS119,main,,,,,,,PS119.jpg,images/PS119/main.jpg
PS144-160x200,PS144-160X200,main,,,,,,,PS144-160x200.jpg,images/PS144-160X200/main.jpg
PS164,PS164,main,,,,,,,PS164.jpg,images/PS164/main.jpg
PS16BAS-PS294SUP,PS16BAS-PS294SUP,main,,,,,,,PS16BAS-PS294SUP.jpg,images/PS16BAS-PS294SUP/main.jpg
PS172,PS172,main,,,,,,,PS172.jpg,images/PS172/main.jpg
PS173-TOP OAK,PS173-TOP-OAK,main,,,,,,,PS173-TOP OAK.jpg,images/PS173-TOP-OAK/main.jpg
PS177,PS177,main,,,,,,,PS177.jpg,images/PS177/main.jpg
PS179BAS-PS375SUP,PS179BAS-PS375SUP,main,,,,,,,PS179BAS-PS375SUP.jpg,images/PS179BAS-PS375SUP/main.jpg
PS180,PS180,main,,,,,,,PS180.jpg,images/PS180/main.jpg
PS185,PS185,main,,,,,,,PS185.jpg,images/PS185/main.jpg
PS197,PS197,main,,,,,,,PS197.jpg,images/PS197/main.jpg
PS198-TOP OAK,PS198-TOP-OAK,main,,,,,,,PS198-TOP OAK.jpg,images/PS198-TOP-OAK/main.jpg
PS199,PS199,main,,,,,,,PS199.jpg,images/PS199/main.jpg
PS199-TOP Z,PS199-TOP-Z,main,,,,,,,PS199-TOP Z.jpg,images/PS199-TOP-Z/main.jpg
PS200-TOP OAK,PS200-TOP-OAK,main,,,,,,,PS200-TOP OAK.jpg,images/PS200-TOP-OAK/main.jpg
PS2001-TOP Z,PS2001-TOP-Z,main,,,,,,,PS2001-TOP Z.jpg,images/PS2001-TOP-Z/main.jpg
PS2003-TOP Z,PS2003-TOP-Z,main,,,,,,,PS2003-TOP Z.jpg,images/PS2003-TOP-Z/main.jpg
PS203,PS203,main,,,,,,,PS203.jpg,images/PS203/main.jpg
PS22-210,PS22-210,main,,,,,,,PS22-210.jpg,images/PS22-210/main.jpg
PS22-210-TOP OAK,PS22-210-TOP-OAK,main,,,,,,,PS22-210-TOP OAK.jpg,images/PS22-210-TOP-OAK/main.jpg
PS222,PS222,main,,,,,,,PS222.jpg,images/PS222/main.jpg
PS226,PS226,main,,,,,,,PS226.jpg,images/PS226/main.jpg
PS228,PS228,main,,,,,,,PS228.jpg,images/PS228/main.jpg
PS232BAS,PS232BAS,main,,,,,,,PS232BAS.jpg,images/PS232BAS/main.jpg
PS236-160x200,PS236-160X200,main,,,,,,,PS236-160x200.jpg,images/PS236-160X200/main.jpg
PS248-TOP Z,PS248-TOP-Z,main,,,,,,,PS248-TOP Z.jpg,images/PS248-TOP-Z/main.jpg
PS251,PS251,main,,,,,,,PS251.jpg,images/PS251/main.jpg
PS25BAS,PS25BAS,main,,,,,,,PS25BAS.jpg,images/PS25BAS/main.jpg
PS265BAS,PS265BAS,main,,,,,,,PS265BAS.jpg,images/PS265BAS/main.jpg
PS265BAS-TOP OAK,PS265BAS-TOP-OAK,main,,,,,,,PS265BAS-TOP OAK.jpg,images/PS265BAS-TOP-OAK/main.jpg
PS271BAS-TOP OAK,PS271BAS-TOP-OAK,main,,,,,,,PS271BAS-TOP OAK.jpg,images/PS271BAS-TOP-OAK/main.jpg
PS27BAS-TOP OAK,PS27BAS-TOP-OAK,main,,,,,,,PS27BAS-TOP OAK.jpg,images/PS27BAS-TOP-OAK/main.jpg
PS287,PS287,main,,,,,,,PS287.jpg,images/PS287/main.jpg
PS29-TOP OAK,PS29-TOP-OAK,main,,,,,,,PS29-TOP OAK.jpg,images/PS29-TOP-OAK/main.jpg
PS291,PS291,main,,,,,,,PS291.jpg,images/PS291/main.jpg
PS294SUP,PS294SUP,main,,,,,,,PS294SUP.jpg,images/PS294SUP/main.jpg
PS295BAS-PS294SUP,PS295BAS-PS294SUP,main,,,,,,,PS295BAS-PS294SUP.jpg,images/PS295BAS-PS294SUP/main.jpg
PS321BAS,PS321BAS,main,,,,,,,PS321BAS.jpg,images/PS321BAS/main.jpg
PS357-TOP OAK,PS357-TOP-OAK,main,,,,,,,PS357-TOP OAK.jpg,images/PS357-TOP-OAK/main.jpg
PS358,PS358,main,,,,,,,PS358.jpg,images/PS358/main.jpg
PS359,PS359,main,,,,,,,PS359.jpg,images/PS359/main.jpg
PS360-TOP OAK,PS360-TOP-OAK,main,,,,,,,PS360-TOP OAK.jpg,images/PS360-TOP-OAK/main.jpg
PS363,PS363,main,,,,,,,PS363.jpg,images/PS363/main.jpg
PS364,PS364,main,,,,,,,PS364.jpg,images/PS364/main.jpg
PS371-TOP OAK,PS371-TOP-OAK,main,,,,,,,PS371-TOP OAK.jpg,images/PS371-TOP-OAK/main.jpg
PS371-TOP Z,PS371-TOP-Z,main,,,,,,,PS371-TOP Z.jpg,images/PS371-TOP-Z/main.jpg
PS372-TOP OAK,PS372-TOP-OAK,main,,,,,,,PS372-TOP OAK.jpg,images/PS372-TOP-OAK/main.jpg
PS373-TOP Z,PS373-TOP-Z,main,,,,,,,PS373-TOP Z.jpg,images/PS373-TOP-Z/main.jpg
PS374-TOP OAK,PS374-TOP-OAK,main,,,,,,,PS374-TOP OAK.jpg,images/PS374-TOP-OAK/main.jpg
PS375SUP,PS375SUP,main,,,,,,,PS375SUP.jpg,images/PS375SUP/main.jpg
PS379-TOP OAK,PS379-TOP-OAK,main,,,,,,,PS379-TOP OAK.jpg,images/PS379-TOP-OAK/main.jpg
PS380-TOP OAK,PS380-TOP-OAK,main,,,,,,,PS380-TOP OAK.jpg,images/PS380-TOP-OAK/main.jpg
PS383-180,PS383-180,main,,,,,,,PS383-180.jpg,images/PS383-180/main.jpg
PS383-210-TOP OAK,PS383-210-TOP-OAK,main,,,,,,,PS383-210-TOP OAK.jpg,images/PS383-210-TOP-OAK/main.jpg
PS385SUP,PS385SUP,main,,,,,,,PS385SUP.jpg,images/PS385SUP/main.jpg
PS38BAS,PS38BAS,main,,,,,,,PS38BAS.jpg,images/PS38BAS/main.jpg
PS38BAS-TOP OAK,PS38BAS-TOP-OAK,main,,,,,,,PS38BAS-TOP OAK.jpg,images/PS38BAS-TOP-OAK/main.jpg
PS398-TOP OAK,PS398-TOP-OAK,main,,,,,,,PS398-TOP OAK.jpg,images/PS398-TOP-OAK/main.jpg
PS403BAS-SUP,PS403BAS-SUP,main,,,,,,,PS403BAS-SUP.jpg,images/PS403BAS-SUP/main.jpg
PS403SUP,PS403SUP,main,,,,,,,PS403SUP.jpg,images/PS403SUP/main.jpg
PS409BAS-TOP OAK,PS409BAS-TOP-OAK,main,,,,,,,PS409BAS-TOP OAK.jpg,images/PS409BAS-TOP-OAK/main.jpg
PS41,PS41,main,,,,,,,PS41.jpg,images/PS41/main.jpg
PS410,PS410,main,,,,,,,PS410.jpg,images/PS410/main.jpg
PS417-P001,PS417-P001,main,,,,,,,PS417-P001.jpg,images/PS417-P001/main.jpg
PS419,PS419,main,,,,,,,PS419.jpg,images/PS419/main.jpg
PS424,PS424,main,,,,,,,PS424.jpg,images/PS424/main.jpg
PS424-TOP OAK,PS424-TOP-OAK,main,,,,,,,PS424-TOP OAK.jpg,images/PS424-TOP-OAK/main.jpg
PS426,PS426,main,,,,,,,PS426.jpg,images/PS426/main.jpg
PS427-140X200,PS427-140X200,main,,,,,,,PS427-140X200.jpg,images/PS427-140X200/main.jpg
PS427-160X200,PS427-160X200,main,,,,,,,PS427-160X200.jpg,images/PS427-160X200/main.jpg
PS427-90x200,PS427-90X200,main,,,,,,,PS427-90x200.jpg,images/PS427-90X200/main.jpg
PS435-TOP OAK,PS435-TOP-OAK,main,,,,,,,PS435-TOP OAK.jpg,images/PS435-TOP-OAK/main.jpg
PS438,PS438,main,,,,,,,PS438.jpg,images/PS438/main.jpg
PS438-TOP OAK,PS438-TOP-OAK,main,,,,,,,PS438-TOP OAK.jpg,images/PS438-TOP-OAK/main.jpg
PS439BAS-TOP OAK,PS439BAS-TOP-OAK,main,,,,,,,PS439BAS-TOP OAK.jpg,images/PS439BAS-TOP-OAK/main.jpg
PS45-160,PS45-160,main,,,,,,,PS45-160.jpg,images/PS45-160/main.jpg
PS45-180,PS45-180,main,,,,,,,PS45-180.jpg,images/PS45-180/main.jpg
PS45-210,PS45-210,main,,,,,,,PS45-210.jpg,images/PS45-210/main.jpg
PS452-TOP OAK,PS452-TOP-OAK,main,,,,,,,PS452-TOP OAK.jpg,images/PS452-TOP-OAK/main.jpg
PS455,PS455,main,,,,,,,PS455.jpg,images/PS455/main.jpg
PS473,PS473,main,,,,,,,PS473.jpg,images/PS473/main.jpg
PS474,PS474,main,,,,,,,PS474.jpg,images/PS474/main.jpg
PS475-TOP OAK,PS475-TOP-OAK,main,,,,,,,PS475-TOP OAK.jpg,images/PS475-TOP-OAK/main.jpg
PS477-TOP OAK,PS477-TOP-OAK,main,,,,,,,PS477-TOP OAK.jpg,images/PS477-TOP-OAK/main.jpg
PS478,PS478,main,,,,,,,PS478.jpg,images/PS478/main.jpg
PS479,PS479,main,,,,,,,PS479.jpg,images/PS479/main.jpg
PS482L,PS482L,main,,,,,,,PS482L.jpg,images/PS482L/main.jpg
PS482L-TOP OAK,PS482L-TOP-OAK,main,,,,,,,PS482L-TOP OAK.jpg,images/PS482L-TOP-OAK/main.jpg
PS482R-TOP Z,PS482R-TOP-Z,main,,,,,,,PS482R-TOP Z.jpg,images/PS482R-TOP-Z/main.jpg
PS484-TOP OAK,PS484-TOP-OAK,main,,,,,,,PS484-TOP OAK.jpg,images/PS484-TOP-OAK/main.jpg
PS486-TOP OAK,PS486-TOP-OAK,main,,,,,,,PS486-TOP OAK.jpg,images/PS486-TOP-OAK/main.jpg
PS492,PS492,main,,,,,,,PS492.jpg,images/PS492/main.jpg
PS493BAS-TOP OAK,PS493BAS-TOP-OAK,main,,,,,,,PS493BAS-TOP OAK.jpg,images/PS493BAS-TOP-OAK/main.jpg
PS496-TOP OAK,PS496-TOP-OAK,main,,,,,,,PS496-TOP OAK.jpg,images/PS496-TOP-OAK/main.jpg
PS497,PS497,main,,,,,,,PS497.jpg,images/PS497/main.jpg
PS498-TOP OAK,PS498-TOP-OAK,main,,,,,,,PS498-TOP OAK.jpg,images/PS498-TOP-OAK/main.jpg
PS508BAS-TOP OAK,PS508BAS-TOP-OAK,main,,,,,,,PS508BAS-TOP OAK.jpg,images/PS508BAS-TOP-OAK/main.jpg
PS509,PS509,main,,,,,,,PS509.jpg,images/PS509/main.jpg
PS509-TOP OAK,PS509-TOP-OAK,main,,,,,,,PS509-TOP OAK.jpg,images/PS509-TOP-OAK/main.jpg
PS516,PS516,main,,,,,,,PS516.jpg,images/PS516/main.jpg
PS526,PS526,main,,,,,,,PS526.jpg,images/PS526/main.jpg
PS530-TOP Z,PS530-TOP-Z,main,,,,,,,PS530-TOP Z.jpg,images/PS530-TOP-Z/main.jpg
PS54,PS54,main,,,,,,,PS54.jpg,images/PS54/main.jpg
PS541-90X200,PS541-90X200,main,,,,,,,PS541-90X200.jpg,images/PS541-90X200/main.jpg
PS545,PS545,main,,,,,,,PS545.jpg,images/PS545/main.jpg
PS552,PS552,main,,,,,,,PS552.jpg,images/PS552/main.jpg
PS568,PS568,main,,,,,,,PS568.jpg,images/PS568/main.jpg
PS56BAS-PS297SUP,PS56BAS-PS297SUP,main,,,,,,,PS56BAS-PS297SUP.jpg,images/PS56BAS-PS297SUP/main.jpg
PS56BAS-TOP OAK,PS56BAS-TOP-OAK,main,,,,,,,PS56BAS-TOP OAK.jpg,images/PS56BAS-TOP-OAK/main.jpg
PS570,PS570,main,,,,,,,PS570.jpg,images/PS570/main.jpg
PS575,PS575,main,,,,,,,PS575.jpg,images/PS575/main.jpg
PS576,PS576,main,,,,,,,PS576.jpg,images/PS576/main.jpg
PS576-TOP OAK,PS576-TOP-OAK,main,,,,,,,PS576-TOP OAK.jpg,images/PS576-TOP-OAK/main.jpg
PS59BAS,PS59BAS,main,,,,,,,PS59BAS.jpg,images/PS59BAS/main.jpg
PS603-TOP OAK,PS603-TOP-OAK,main,,,,,,,PS603-TOP OAK.jpg,images/PS603-TOP-OAK/main.jpg
PS609BAS,PS609BAS,main,,,,,,,PS609BAS.jpg,images/PS609BAS/main.jpg
PS61-2D-140X200,PS61-2D-140X200,main,,,,,,,PS61-2D-140X200.jpg,images/PS61-2D-140X200/main.jpg
PS61-2D-180X200,PS61-2D-180X200,main,,,,,,,PS61-2D-180X200.jpg,images/PS61-2D-180X200/main.jpg
PS61-2D-90X200,PS61-2D-90X200,main,,,,,,,PS61-2D-90X200.jpg,images/PS61-2D-90X200/main.jpg
PS610,PS610,main,,,,,,,PS610.jpg,images/PS610/main.jpg
PS615,PS615,main,,,,,,,PS615.jpg,images/PS615/main.jpg
PS626,PS626,main,,,,,,,PS626.jpg,images/PS626/main.jpg
PS637,PS637,main,,,,,,,PS637.jpg,images/PS637/main.jpg
PS638,PS638,main,,,,,,,PS638.jpg,images/PS638/main.jpg
PS639-TOP OAK,PS639-TOP-OAK,main,,,,,,,PS639-TOP OAK.jpg,images/PS639-TOP-OAK/main.jpg
PS641-TOP OAK,PS641-TOP-OAK,main,,,,,,,PS641-TOP OAK.jpg,images/PS641-TOP-OAK/main.jpg
PS645-TOP OAK,PS645-TOP-OAK,main,,,,,,,PS645-TOP OAK.jpg,images/PS645-TOP-OAK/main.jpg
PS651-180,PS651-180,main,,,,,,,PS651-180.jpg,images/PS651-180/main.jpg
PS651-180-TOP OAK,PS651-180-TOP-OAK,main,,,,,,,PS651-180-TOP OAK.jpg,images/PS651-180-TOP-OAK/main.jpg
PS653,PS653,main,,,,,,,PS653.jpg,images/PS653/main.jpg
PS657-TOP Z,PS657-TOP-Z,main,,,,,,,PS657-TOP Z.jpg,images/PS657-TOP-Z/main.jpg
PS658-TOP OAK,PS658-TOP-OAK,main,,,,,,,PS658-TOP OAK.jpg,images/PS658-TOP-OAK/main.jpg
PS660-80,PS660-80,main,,,,,,,PS660-80.jpg,images/PS660-80/main.jpg
PS661-TOP F,PS661-TOP-F,main,,,,,,,PS661-TOP F.jpg,images/PS661-TOP-F/main.jpg
PS665-TOP Z,PS665-TOP-Z,main,,,,,,,PS665-TOP Z.jpg,images/PS665-TOP-Z/main.jpg
PS666-TOP OAK,PS666-TOP-OAK,main,,,,,,,PS666-TOP OAK.jpg,images/PS666-TOP-OAK/main.jpg
PS669,PS669,main,,,,,,,PS669.jpg,images/PS669/main.jpg
PS670,PS670,main,,,,,,,PS670.jpg,images/PS670/main.jpg
PS684,PS684,main,,,,,,,PS684.jpg,images/PS684/main.jpg
PS684-TOP Z,PS684-TOP-Z,main,,,,,,,PS684-TOP Z.jpg,images/PS684-TOP-Z/main.jpg
PS688,PS688,main,,,,,,,PS688.jpg,images/PS688/main.jpg
PS693,PS693,main,,,,,,,PS693.jpg,images/PS693/main.jpg
PS696-180-TOP OAK,PS696-180-TOP-OAK,main,,,,,,,PS696-180-TOP OAK.jpg,images/PS696-180-TOP-OAK/main.jpg
PS708-TOP OAK,PS708-TOP-OAK,main,,,,,,,PS708-TOP OAK.jpg,images/PS708-TOP-OAK/main.jpg
PS709-TOP OAK,PS709-TOP-OAK,main,,,,,,,PS709-TOP OAK.jpg,images/PS709-TOP-OAK/main.jpg
PS70BAS-SUP,PS70BAS-SUP,main,,,,,,,PS70BAS-SUP.jpg,images/PS70BAS-SUP/main.jpg
PS711,PS711,main,,,,,,,PS711.jpg,images/PS711/main.jpg
PS715-180-TOP OAK,PS715-180-TOP-OAK,main,,,,,,,PS715-180-TOP OAK.jpg,images/PS715-180-TOP-OAK/main.jpg
PS718,PS718,main,,,,,,,PS718.jpg,images/PS718/main.jpg
PS72BAS-PS57SUP,PS72BAS-PS57SUP,main,,,,,,,PS72BAS-PS57SUP.jpg,images/PS72BAS-PS57SUP/main.jpg
PS72SUP,PS72SUP,main,,,,,,,PS72SUP.jpg,images/PS72SUP/main.jpg
PS731BAS-TOP OAK,PS731BAS-TOP-OAK,main,,,,,,,PS731BAS-TOP OAK.jpg,images/PS731BAS-TOP-OAK/main.jpg
PS734,PS734,main,,,,,,,PS734.jpg,images/PS734/main.jpg
PS735,PS735,main,,,,,,,PS735.jpg,images/PS735/main.jpg
PS736,PS736,main,,,,,,,PS736.jpg,images/PS736/main.jpg
PS737,PS737,main,,,,,,,PS737.jpg,images/PS737/main.jpg
PS737-TOP OAK,PS737-TOP-OAK,main,,,,,,,PS737-TOP OAK.jpg,images/PS737-TOP-OAK/main.jpg
PS738,PS738,main,,,,,,,PS738.jpg,images/PS738/main.jpg
PS739,PS739,main,,,,,,,PS739.jpg,images/PS739/main.jpg
PS74-TOP OAK,PS74-TOP-OAK,main,,,,,,,PS74-TOP OAK.jpg,images/PS74-TOP-OAK/main.jpg
PS740,PS740,main,,,,,,,PS740.jpg,images/PS740/main.jpg
PS741,PS741,main,,,,,,,PS741.jpg,images/PS741/main.jpg
PS742,PS742,main,,,,,,,PS742.jpg,images/PS742/main.jpg
PS743,PS743,main,,,,,,,PS743.jpg,images/PS743/main.jpg
PS744,PS744,main,,,,,,,PS744.jpg,images/PS744/main.jpg
PS745,PS745,main,,,,,,,PS745.jpg,images/PS745/main.jpg
PS746,PS746,main,,,,,,,PS746.jpg,images/PS746/main.jpg
PS747-140X200,PS747-140X200,main,,,,,,,PS747-140X200.jpg,images/PS747-140X200/main.jpg
PS747-160X200,PS747-160X200,main,,,,,,,PS747-160X200.jpg,images/PS747-160X200/main.jpg
PS747-180x200,PS747-180X200,main,,,,,,,PS747-180x200.jpg,images/PS747-180X200/main.jpg
PS747-90X200,PS747-90X200,main,,,,,,,PS747-90X200.jpg,images/PS747-90X200/main.jpg
PS748,PS748,main,,,,,,,PS748.jpg,images/PS748/main.jpg
PS749,PS749,main,,,,,,,PS749.jpg,images/PS749/main.jpg
PS750,PS750,main,,,,,,,PS750.jpg,images/PS750/main.jpg
PS751,PS751,main,,,,,,,PS751.jpg,images/PS751/main.jpg
PS752,PS752,main,,,,,,,PS752.jpg,images/PS752/main.jpg
PS753,PS753,main,,,,,,,PS753.jpg,images/PS753/main.jpg
PS754,PS754,main,,,,,,,PS754.jpg,images/PS754/main.jpg
PS755,PS755,main,,,,,,,PS755.jpg,images/PS755/main.jpg
PS756,PS756,main,,,,,,,PS756.jpg,images/PS756/main.jpg
PS757,PS757,main,,,,,,,PS757.jpg,images/PS757/main.jpg
PS758,PS758,main,,,,,,,PS758.jpg,images/PS758/main.jpg
PS759,PS759,main,,,,,,,PS759.jpg,images/PS759/main.jpg
PS761,PS761,main,,,,,,,PS761.jpg,images/PS761/main.jpg
PS762,PS762,main,,,,,,,PS762.jpg,images/PS762/main.jpg
PS763,PS763,main,,,,,,,PS763.jpg,images/PS763/main.jpg
PS763-TOP OAK,PS763-TOP-OAK,main,,,,,,,PS763-TOP OAK.jpg,images/PS763-TOP-OAK/main.jpg
PS763-TOP P,PS763-TOP-P,main,,,,,,,PS763-TOP P.jpg,images/PS763-TOP-P/main.jpg
PS764,PS764,main,,,,,,,PS764.jpg,images/PS764/main.jpg
PS764-TOP OAK,PS764-TOP-OAK,main,,,,,,,PS764-TOP OAK.jpg,images/PS764-TOP-OAK/main.jpg
PS764-TOP P,PS764-TOP-P,main,,,,,,,PS764-TOP P.jpg,images/PS764-TOP-P/main.jpg
PS765,PS765,main,,,,,,,PS765.jpg,images/PS765/main.jpg
PS765-TOP OAK,PS765-TOP-OAK,main,,,,,,,PS765-TOP OAK.jpg,images/PS765-TOP-OAK/main.jpg
PS765-TOP P,PS765-TOP-P,main,,,,,,,PS765-TOP P.jpg,images/PS765-TOP-P/main.jpg
PS766,PS766,main,,,,,,,PS766.jpg,images/PS766/main.jpg
PS766-TOP OAK,PS766-TOP-OAK,main,,,,,,,PS766-TOP OAK.jpg,images/PS766-TOP-OAK/main.jpg
PS766-TOP P,PS766-TOP-P,main,,,,,,,PS766-TOP P.jpg,images/PS766-TOP-P/main.jpg
PS767,PS767,main,,,,,,,PS767.jpg,images/PS767/main.jpg
PS767-TOP OAK,PS767-TOP-OAK,main,,,,,,,PS767-TOP OAK.jpg,images/PS767-TOP-OAK/main.jpg
PS767-TOP P,PS767-TOP-P,main,,,,,,,PS767-TOP P.jpg,images/PS767-TOP-P/main.jpg
PS768,PS768,main,,,,,,,PS768.jpg,images/PS768/main.jpg
PS768-TOP OAK,PS768-TOP-OAK,main,,,,,,,PS768-TOP OAK.jpg,images/PS768-TOP-OAK/main.jpg
PS768-TOP P,PS768-TOP-P,main,,,,,,,PS768-TOP P.jpg,images/PS768-TOP-P/main.jpg
PS769,PS769,main,,,,,,,PS769.jpg,images/PS769/main.jpg
PS769-TOP OAK,PS769-TOP-OAK,main,,,,,,,PS769-TOP OAK.jpg,images/PS769-TOP-OAK/main.jpg
PS769-TOP P,PS769-TOP-P,main,,,,,,,PS769-TOP P.jpg,images/PS769-TOP-P/main.jpg
PS770,PS770,main,,,,,,,PS770.jpg,images/PS770/main.jpg
PS770-TOP OAK,PS770-TOP-OAK,main,,,,,,,PS770-TOP OAK.jpg,images/PS770-TOP-OAK/main.jpg
PS770-TOP P,PS770-TOP-P,main,,,,,,,PS770-TOP P.jpg,images/PS770-TOP-P/main.jpg
PS771,PS771,main,,,,,,,PS771.jpg,images/PS771/main.jpg
PS771-TOP OAK,PS771-TOP-OAK,main,,,,,,,PS771-TOP OAK.jpg,images/PS771-TOP-OAK/main.jpg
PS771-TOP P,PS771-TOP-P,main,,,,,,,PS771-TOP P.jpg,images/PS771-TOP-P/main.jpg
PS772,PS772,main,,,,,,,PS772.jpg,images/PS772/main.jpg
PS772-TOP OAK,PS772-TOP-OAK,main,,,,,,,PS772-TOP OAK.jpg,images/PS772-TOP-OAK/main.jpg
PS772-TOP P,PS772-TOP-P,main,,,,,,,PS772-TOP P.jpg,images/PS772-TOP-P/main.jpg
PS773L,PS773L,main,,,,,,,PS773L.jpg,images/PS773L/main.jpg
PS773L-TOP OAK,PS773L-TOP-OAK,main,,,,,,,PS773L-TOP OAK.jpg,images/PS773L-TOP-OAK/main.jpg
PS773L-TOP P,PS773L-TOP-P,main,,,,,,,PS773L-TOP P.jpg,images/PS773L-TOP-P/main.jpg
PS774R,PS774R,main,,,,,,,PS774R.jpg,images/PS774R/main.jpg
PS774R-TOP OAK,PS774R-TOP-OAK,main,,,,,,,PS774R-TOP OAK.jpg,images/PS774R-TOP-OAK/main.jpg
PS774R-TOP P,PS774R-TOP-P,main,,,,,,,PS774R-TOP P.jpg,images/PS774R-TOP-P/main.jpg
PS775,PS775,main,,,,,,,PS775.jpg,images/PS775/main.jpg
PS775-TOP OAK,PS775-TOP-OAK,main,,,,,,,PS775-TOP OAK.jpg,images/PS775-TOP-OAK/main.jpg
PS775-TOP P,PS775-TOP-P,main,,,,,,,PS775-TOP P.jpg,images/PS775-TOP-P/main.jpg
PS776,PS776,main,,,,,,,PS776.jpg,images/PS776/main.jpg
PS777,PS777,main,,,,,,,PS777.jpg,images/PS777/main.jpg
PS778,PS778,main,,,,,,,PS778.jpg,images/PS778/main.jpg
PS779,PS779,main,,,,,,,PS779.jpg,images/PS779/main.jpg
PS780L,PS780L,main,,,,,,,PS780L.jpg,images/PS780L/main.jpg
PS781R,PS781R,main,,,,,,,PS781R.jpg,images/PS781R/main.jpg
PS782,PS782,main,,,,,,,PS782.jpg,images/PS782/main.jpg
PS783,PS783,main,,,,,,,PS783.jpg,images/PS783/main.jpg
PS784,PS784,main,,,,,,,PS784.jpg,images/PS784/main.jpg
PS785,PS785,main,,,,,,,PS785.jpg,images/PS785/main.jpg
PS785-TOP OAK,PS785-TOP-OAK,main,,,,,,,PS785-TOP OAK.jpg,images/PS785-TOP-OAK/main.jpg
PS785-TOP P,PS785-TOP-P,main,,,,,,,PS785-TOP P.jpg,images/PS785-TOP-P/main.jpg
PS786-180,PS786-180,main,,,,,,,PS786-180.jpg,images/PS786-180/main.jpg
PS786-210,PS786-210,main,,,,,,,PS786-210.jpg,images/PS786-210/main.jpg
PS786-240,PS786-240,main,,,,,,,PS786-240.jpg,images/PS786-240/main.jpg
PS787-180,PS787-180,main,,,,,,,PS787-180.jpg,images/PS787-180/main.jpg
PS787-210,PS787-210,main,,,,,,,PS787-210.jpg,images/PS787-210/main.jpg
PS787-240,PS787-240,main,,,,,,,PS787-240.jpg,images/PS787-240/main.jpg
PS788,PS788,main,,,,,,,PS788.jpg,images/PS788/main.jpg
PS788-TOP OAK,PS788-TOP-OAK,main,,,,,,,PS788-TOP OAK.jpg,images/PS788-TOP-OAK/main.jpg
PS788-TOP P,PS788-TOP-P,main,,,,,,,PS788-TOP P.jpg,images/PS788-TOP-P/main.jpg
PS789-180X200,PS789-180X200,main,,,,,,,PS789-180X200.jpg,images/PS789-180X200/main.jpg
PS79-TOP OAK,PS79-TOP-OAK,main,,,,,,,PS79-TOP OAK.jpg,images/PS79-TOP-OAK/main.jpg
PS791BAS,PS791BAS,main,,,,,,,PS791BAS.jpg,images/PS791BAS/main.jpg
PS791SUP,PS791SUP,main,,,,,,,PS791SUP.jpg,images/PS791SUP/main.jpg
PS792,PS792,main,,,,,,,PS792.jpg,images/PS792/main.jpg
PS792-TOP OAK,PS792-TOP-OAK,main,,,,,,,PS792-TOP OAK.jpg,images/PS792-TOP-OAK/main.jpg
PS792-TOP PINE,PS792-TOP-PINE,main,,,,,,,PS792-TOP PINE.jpg,images/PS792-TOP-PINE/main.jpg
PS793BAS,PS793BAS,main,,,,,,,PS793BAS.jpg,images/PS793BAS/main.jpg
PS793SUP,PS793SUP,main,,,,,,,PS793SUP.jpg,images/PS793SUP/main.jpg
PS794,PS794,main,,,,,,,PS794.jpg,images/PS794/main.jpg
PS80,PS80,main,,,,,,,PS80.jpg,images/PS80/main.jpg
PS800,PS800,main,,,,,,,PS800.jpg,images/PS800/main.jpg
PS800-TOP OAK,PS800-TOP-OAK,main,,,,,,,PS800-TOP OAK.jpg,images/PS800-TOP-OAK/main.jpg
PS801,PS801,main,,,,,,,PS801.jpg,images/PS801/main.jpg
PS802,PS802,main,,,,,,,PS802.jpg,images/PS802/main.jpg
PS803,PS803,main,,,,,,,PS803.jpg,images/PS803/main.jpg
PS804,PS804,main,,,,,,,PS804.jpg,images/PS804/main.jpg
PS805,PS805,main,,,,,,,PS805.jpg,images/PS805/main.jpg
PS806,PS806,main,,,,,,,PS806.jpg,images/PS806/main.jpg
PS807,PS807,main,,,,,,,PS807.jpg,images/PS807/main.jpg
PS83,PS83,main,,,,,,,PS83.jpg,images/PS83/main.jpg
PS95,PS95,main,,,,,,,PS95.jpg,images/PS95/main.jpg
