Code,Designation,Type,Standard_WxDxH_cm,Site_Reference,Product_URL,On_Site
PS4001,Bathroom cupboard 2 wash basins -without Sink,Bathroom,150x51x91,E-PS4001,https://studioszel.ro/masti-pentru-lavoar/35196-574111-dulap-baie-pentru-2-lavoare-ornamentat-lavoarele-nu-sunt-incluse-in-pret.html,yes
PS4001-TOP OAK,Bathroom cupboard 2 wash basins -without Sink,Bathroom,150x51x91,E-PS4001-TOP OAK,https://studioszel.ro/masti-pentru-lavoar/35203-574144-dulap-baie-pentru-2-lavoare-ornamentat-blat-stejar-lavoarele-nu-sunt-incluse-in-pret.html,yes
PS4003,Bathroom cupboard 1 wash basin -without Sink,Bathroom,90x51x91,PS4003,https://studioszel.ro/masti-pentru-lavoar/379-537166-dulap-baie-pentru-lavoar-ornamentat-lavoarul-nu-este-inclus-in-pret.html,yes
PS4003-TOP OAK,Bathroom cupboard 1 wash basin -without Sink,Bathroom,90x51x91,PS4003-TOP OAK,https://studioszel.ro/masti-pentru-lavoar/380-566764-dulap-baie-pentru-lavoar-ornamentat-blat-stejar-lavoarul-nu-este-inclus-in-pret.html,yes
PS09,Wall table 2 shelves top wood,Table,145x45x89,E-PS09,https://studioszel.ro/console/34804-565837-consola-cu-2-rafturi-3-sertare.html,yes
PS09-TOP OAK,Wall table 2 shelves top oak,Table,145x45x89,E-PS09-TOP OAK,https://studioszel.ro/console/34806-565867-consola-cu-2-rafturi-3-sertare-blat-stejar.html,yes
PS10BAS/SUP,Sideboard 3 doors 3 drawers BAS+SUP,Sideboard,206x53x219,E-PS10BAS+SUP,https://studioszel.ro/bufete-si-vitrine-pentru-servire/35342-576658-bufet-cu-3-usi-glisante-3-sertare-bas-3-usi-sticla-glisante-sup.html,yes
PS10BAS,Sideboard 3 doors 3 drawers,Sideboard,196x53x86,E-PS10BAS,https://studioszel.ro/bufete-si-vitrine-pentru-servire/35339-576634-bufet-cu-3-usi-glisante-3-sertare-bas.html,yes
PS10BAS-TOP OAK,Sideboard 3 doors 3 drawers top oak,Sideboard,196x53x86,E-PS10BAS-TOP OAK,https://studioszel.ro/bufete-si-vitrine-pentru-servire/35341-576646-bufet-cu-3-usi-glisante-3-sertare-blat-stejar-bas.html,yes
PS13,Filling cabinet,Other,55x40x163,E-PS13,https://studioszel.ro/birou/35064-571263-comoda-ingusta-cu-4-usi-rabatabile.html,yes
PS21,Desk Bonheur Du Jour,Desk,109x60x110,E-PS21,https://studioszel.ro/birou/35056-569387-birou-bonheur-du-jour.html,yes
PS23BAS/PS297SUP,Display cabinet 3 doors 3 drawers BAS + 3 doors SUP,Display cabinet,183x51x240,E-PS23BAS+PS297SUP,https://studioszel.ro/biblioteci-si-vitrine/34989-568050-bufet-cu-3-usi-3-sertare-bas-3-usi-sticla-sup-colectia-directoire.html,yes
PS23BAS,Sideboard 3 doors 3 drawers,Sideboard,179x51x90,E-PS23BAS,https://studioszel.ro/biblioteci-si-vitrine/34988-568038-bufet-cu-3-usi-3-sertare-bas-colectia-directoire.html,yes
PS24BAS/SUP,Kitchen cabinet,Kitchen,164x50x226,E-PS24BAS+SUP,https://studioszel.ro/bufete-si-vitrine-pentru-servire/35283-575652-bufet-cu-2-usi-3-sertare-3-compartimente-cu-usa-sticla-bas-3-usi-sticla-sup.html,yes
PS24BAS,Kitchen cabinet BAS,Kitchen,158x50x100,PS24BAS,https://studioszel.ro/bufete-si-vitrine-pentru-servire/290-578503-bufet-cu-2-usi-3-sertare-3-compartimente-cu-usa-sticla-bas.html,yes
PS30,1 drawer wall table,Drawers unit,96x45x76,E-PS30,https://studioszel.ro/console/35083-571566-consola-cu-1-sertar.html,yes
PS46BAS,Sideboard 1 door 3 drawers,Sideboard,116x51x78,E-PS46BAS,https://studioszel.ro/biblioteci-si-vitrine/34992-568094-bufet-cu-1-usa-3-sertare-bas-colectia-directoire.html,yes
PS46BAS/PS75SUP,Display cabinet 1 door 3 drawers BAS+ 2 doors SUP,Display cabinet,120x51x228,E-PS46BAS+PS75SUP,https://studioszel.ro/biblioteci-si-vitrine/34993-568106-vitrina-cu-1-usa-3-sertare-bas-2-usi-sticla-sup-colectia-directoire.html,yes
PS68BAS/SUP,1 door display cabinet,Display cabinet,73x51x228,PS68BAS+SUP,https://studioszel.ro/biblioteci-si-vitrine/10330-583522-vitrina-ingusta-cu-1-usa-bas-1-usa-sticla-sup-colectia-directoire.html,yes
PS68BAS,1 door display cabinet  BAS,Display cabinet,69x51x78,PS68BAS,https://studioszel.ro/biblioteci-si-vitrine/489-583530-bufet-cu-1-usa-bas-colectia-directoire.html,yes
PS73BAS,Display cabinet 3 doors BAS,Display cabinet,179x51x78,PS73BAS,https://studioszel.ro/biblioteci-si-vitrine/487-561881-bufet-cu-3-usi-bas-colectia-directoire.html,yes
PS73BAS/PS297SUP,Display cabinet 3 doors BAS + 3 doors SUP,Display cabinet,183x51x228,E-PS73BAS+PS297SUP,https://studioszel.ro/biblioteci-si-vitrine/35475-584290-vitrina-cu-3-usi-bas-3-usi-sticla-sup-colectia-directoire.html,yes
PS75BAS/SUP,Display cabinet 2 doors,Display cabinet,120x51x228,PS75BAS+SUP,https://studioszel.ro/biblioteci-si-vitrine/10342-583108-vitrina-cu-2-usi-bas-2-usi-sticla-sup-colectia-directoire.html,yes
PS75BAS,Display cabinet 2 doors BAS,Display cabinet,116x51x78,E-PS75BAS,https://studioszel.ro/biblioteci-si-vitrine/34994-568133-bufet-cu-2-usi-bas-colectia-directoire.html,yes
PS81,Desk,Desk,130x65x83,E-PS81,https://studioszel.ro/birou/35055-576994-birou-cu-5-sertare.html,yes
PS89,8 drawers chest,Chest of drawers,46x36x122,E-PS89,https://studioszel.ro/comode/35170-573600-comoda-ingusta-cu-8-sertare.html,yes
PS89-TOP OAK,"8 drawers chest, oak top",Chest of drawers,46x36x122,PS89-TOP OAK,https://studioszel.ro/comode/3802-569423-comoda-ingusta-cu-8-sertare-blat-stejar.html,yes
PS96,Desk,Desk,152x70x78,PS96,https://studioszel.ro/birou/463-562768-birou-cu-4-sertare-si-1-usa.html,yes
PS101,Sideboard 2 doors 1 drawer,Sideboard,160x46x56,E-PS101,https://studioszel.ro/mese-tv-si-mobilier-media/35008-568561-comoda-tv-cu-2-usi-1-sertar.html,yes
PS102,Chest of 19 drawers,Chest of drawers,180x48x95,E-PS102,https://studioszel.ro/comode/35163-573492-comoda-cu-19-sertare.html,yes
PS102-TOP OAK,"Chest of 19 drawers, oak top",Chest of drawers,180x48x95,PS102-TOP OAK,https://studioszel.ro/comode/7169-570081-comoda-cu-19-sertare-blat-stejar.html,yes
PS103,Chest of 13 drawers,Chest of drawers,120x48x95,E-PS103,https://studioszel.ro/comode/35153-573316-comoda-cu-13-sertare.html,yes
PS103-TOP OAK,"Chest of 13 drawers, oak top",Chest of drawers,120x48x95,PS103-TOP OAK,https://studioszel.ro/comode/3100-545710-comoda-cu-13-sertare-blat-stejar.html,yes
PS104,Chest of 9 drawers,Chest of drawers,158x48x79,E-PS104,https://studioszel.ro/comode/35107-572145-comoda-cu-9-sertare.html,yes
PS104-TOP OAK,Chest of 9 drawers oak top,Chest of drawers,158x48x79,PS104-TOP OAK,https://studioszel.ro/comode/2735-564071-comoda-cu-9-sertare-blat-stejar.html,yes
PS105,2 doors 2 drawers wardrobe,Drawers unit,128x62x206,E-PS105,https://studioszel.ro/sifoniere/35108-572170-dulap-cu-2-usi-si-2-sertare.html,yes
PS106,Sideboard 3 drawers 3 open spaces,Sideboard,180x46x56,E-PS106,https://studioszel.ro/mese-tv-si-mobilier-media/35011-568606-comoda-tv-cu-3-sertare-si-3-spatii-deschise.html,yes
PS108,Sideboard 2 drawers 1 door,Sideboard,50x35x96,E-PS108,https://studioszel.ro/comode/35209-574232-comoda-cu-2-sertare-si-1-usa.html,yes
PS109,Single book case 2 doors,Other,110x39x210,E-PS109,https://studioszel.ro/biblioteci-si-vitrine/35044-578937-biblioteca-cu-2-usi.html,yes
PS111,Sideboard 2 drawers 1 door,Sideboard,120x40x57,E-PS111,https://studioszel.ro/mese-tv-si-mobilier-media/35003-568366-comoda-mica-tv-cu-1-usa-si-2-sertare.html,yes
PS111-TOP OAK,Sideboard 2 drawers 1 door oak top,Sideboard,120x40x57,PS111-TOP OAK,https://studioszel.ro/mese-tv-si-mobilier-media/1741-566943-comoda-mica-tv-cu-1-usa-si-2-sertare.html,yes
PS115,Desk,Desk,140x70x78,E-PS115,https://studioszel.ro/birou/35066-571290-birou-cu-2-usi-si-3-sertare-colectia-directoire.html,yes
PS115-TOP OAK,Desk oak top,Desk,140x70x78,PS115-TOP OAK,https://studioszel.ro/birou/462-566885-birou-cu-2-usi-si-3-sertare-blat-stejar-colectia-directoire.html,yes
PS117,Bookcase 2 doors,Other,79x39x210,E-PS117,https://studioszel.ro/biblioteci-si-vitrine/35046-580399-biblioteca-cu-2-usi.html,yes
PS118,Bookcase,Other,110x39x210,E-PS118,https://studioszel.ro/biblioteci-si-vitrine/35042-581030-biblioteca-5-etajere.html,yes
PS120,Correspondence table,Table,65x45x110,E-PS120,https://studioszel.ro/birou/35053-577363-mobilier-mic-cu-blat-masa-incorporat.html,yes
PS122,Chest of 2 drawers over 3 drawers,Chest of drawers,51x30x74,E-PS122,https://studioszel.ro/noptiere/35179-573754-noptiera-cu-5-sertare.html,yes
PS122-TOP OAK,Chest of 2 drawers over 3 drawers oak top,Chest of drawers,51x30x74,PS122-TOP OAK,https://studioszel.ro/dormitor/8940-554258-noptiera-cu-5-sertare-blat-stejar.html,yes
PS123,Chest of 2 drawers over 2 drawers,Chest of drawers,51x30x59,E-PS123,https://studioszel.ro/noptiere/35194-574037-noptiera-cu-4-sertare.html,yes
PS123-TOP OAK,Chest of 2 drawers over 2 drawers oak top,Chest of drawers,51x30x59,PS123-TOP OAK,https://studioszel.ro/noptiere/8941-554267-noptiera-cu-4-sertare-blat-stejar.html,yes
PS124,Bedside,Bed,47x32x74,E-PS124,https://studioszel.ro/noptiere/35241-574652-noptiera-cu-1-usa-si-1-sertar.html,yes
PS124-TOP OAK,Bedside,Bed,47x32x74,E-PS124-TOP OAK,https://studioszel.ro/noptiere/35242-574667-noptiera-cu-1-usa-si-1-sertar-blat-stejar.html,yes
PS126,Book case 2 drawers,Drawers unit,110x39x210,E-PS126,https://studioszel.ro/biblioteci-si-vitrine/35043-569122-biblioteca-cu-2-sertare-etajera-deschisa.html,yes
PS127,Wardrobe,Wardrobe,121x59x197,E-PS127,https://studioszel.ro/sifoniere/35154-573339-dulap-cu-2-usi-si-3-sertare.html,yes
PS128,Low table,Table,90x90x45,E-PS128,https://studioszel.ro/masute-de-cafea/34977-567823-masa-cafea.html,yes
PS128-TOP OAK,Low table oak top,Table,90x90x45,PS128-TOP OAK,https://studioszel.ro/masute-de-cafea/404-566793-masa-cafea-blat-stejar.html,yes
PS131,Side table 120x65x45,Table,120x65x45,E-PS131,https://studioszel.ro/masute-de-cafea/34978-567836-masa-cafea-cu-2-sertare-120x65x45cm.html,yes
PS131-TOP OAK,Side table 120x65x45 oak top,Table,120x65x45,PS131-TOP OAK,https://studioszel.ro/masute-de-cafea/429-569599-masa-cafea-cu-2-sertare-120x65x45cm-blat-stejar.html,yes
PS136,Book shelves,Shelving,58x32x98,E-PS136,https://studioszel.ro/biblioteci-si-vitrine/35060-571125-etajera-cu-3-rafturi.html,yes
PS138B,Big frame mirror,Mirror,151x8x95,PS138B,https://studioszel.ro/oglinzi/441-572409-oglinda-lata-baie.html,yes
PS138S,Small frame mirror,Mirror,94x8x108,PS138S,https://studioszel.ro/oglinzi/437-537114-oglinda-baie.html,yes
PS142,Computer desk,Desk,130x60x78,E-PS142,https://studioszel.ro/birou/35059-571116-birou-computer.html,yes
PS142-TOP OAK,Computer desk,Desk,130x60x78,PS142-TOP OAK,https://studioszel.ro/birou/475-566898-birou-computer-blat-stejar.html,yes
PS149,Show-case,Other,110x39x210,E-PS149,https://studioszel.ro/biblioteci-si-vitrine/35078-571464-vitrina-cu-2-usi-2-usi-sticla.html,yes
PS150,Chest of  2 drawers over 2 drawers,Chest of drawers,100x50x90,E-PS150,https://studioszel.ro/comode/35116-572272-comoda-cu-2-sertare-inguste-2-sertare-late.html,yes
PS151,Chest of 2 over 3 drawers,Chest of drawers,100x50x100,E-PS151,https://studioszel.ro/comode/35144-572897-comoda-cu-2-sertare-inguste-3-sertare-largi.html,yes
PS151-TOP OAK,Chest of 2 over 3 drawers Top Oak,Chest of drawers,100x50x100,PS151-TOP OAK,https://studioszel.ro/comode/24-569946-comoda-cu-2-sertare-inguste-3-sertare-largi-blat-stejar.html,yes
PS152,Small bench,Other,117x48x92,E-PS152,https://studioszel.ro/banci-pentru-hol/34948-580129-banca-mica.html,yes
PS152-TOP OAK,"Small bench, oak top",Other,117x48x92,PS152-TOP OAK,https://studioszel.ro/banci-pentru-hol/3741-559498-banca-mica-blat-stejar.html,yes
PS153,Big bench,Other,163x48x92,E-PS153,https://studioszel.ro/banci-pentru-hol/34949-567334-banca-mare.html,yes
PS153-TOP OAK,"Big bench, oak top",Other,163x48x92,E-PS153-TOP OAK,https://studioszel.ro/banci-pentru-hol/34953-567395-banca-mare-blat-stejar.html,yes
PS154,Sideboard 75x41x220,Sideboard,75x40x220,PS154,https://studioszel.ro/sifoniere/132-581064-dulap-cu-1-usa.html,yes
PS156,"Round table with extensions equiped with metal rail with synchronization, 116/198x116",Table,116x116x78,E-PS156,https://studioszel.ro/mese-de-dining/35329-576472-masa-rotunda-cu-extensii-116-198x116cm.html,yes
PS156-TOP OAK,"Round table with extensions equiped with metal rail with synchronization, 116/198x116 Top Oak",Table,116x116x78,PS156-TOP OAK,https://studioszel.ro/mese-de-dining/321-570150-masa-rotunda-cu-extensii-116-198x116cm-blat-stejar.html,yes
PS158,Chest of 14 drawers,Chest of drawers,87x36x122,E-PS158,https://studioszel.ro/comode/35162-573469-comoda-cu-14-sertare.html,yes
PS158-TOP OAK,"Chest of 14 drawers, oak top",Chest of drawers,87x36x122,PS158-TOP OAK,https://studioszel.ro/comode/8944-564083-comoda-cu-14-sertare-blat-stejar.html,yes
PS160,Bookcase 2 Doors,Other,120x39x197,E-PS160,https://studioszel.ro/biblioteci-si-vitrine/35005-580837-biblioteca-cu-2-usi-etajera-deschisa-colectia-directoire.html,yes
PS161,Bookcase 5 shelves,Shelving,71x39x197,E-PS161,https://studioszel.ro/home/35021-568822-biblioteca-colectia-directoire.html,yes
PS162,Sideboard,Sideboard,75x40x220,E-PS162,https://studioszel.ro/biblioteci-si-vitrine/35050-569256-vitrina-cu-1-usa-sticla-pereti-sticla.html,yes
PS163,Sideboard 1 door glass top,Sideboard,75x40x220,E-PS163,https://studioszel.ro/biblioteci-si-vitrine/35047-569220-vitrina-cu-1-usa.html,yes
PS165BAS/SUP,Show-Case,Other,179x47x225,PS165BAS+SUP,https://studioszel.ro/bufete-si-vitrine-pentru-servire/10345-564382-bufet-cu-4-usi-4-sertare-bas-2-usi-mari-sticla-sup.html,yes
PS165BAS,"Show-Case ""BAS",Other,173x47x93,E-PS165BAS,https://studioszel.ro/bufete-si-vitrine-pentru-servire/35297-575973-bufet-cu-4-usi-si-4-sertare-bas.html,yes
PS171,Sideboard 2 Sliding doors,Sideboard,135x48x91,E-PS171,https://studioszel.ro/bufete-si-vitrine-pentru-servire/35328-576476-bufet-cu-2-usi-glisante-2-sertare-bas.html,yes
PS171-TOP OAK,Sideboard 2 Sliding doors oak top,Sideboard,135x48x91,PS171-TOP OAK,https://studioszel.ro/bufete-si-vitrine-pentru-servire/7170-564334-bufet-cu-2-usi-glisante-2-sertare-blat-stejar-bas.html,yes
PS171/PS172,Sideboard 2 sliding doors+top,Sideboard,142x48x225,E-PS171+PS172,https://studioszel.ro/bufete-si-vitrine-pentru-servire/35331-576526-bufet-cu-2-usi-glisante-2-sertare-bas-4-sertare-2-usi-sticla-glisante-sup.html,yes
PS176,Narrow Bookcase,Other,71x39x197,E-PS176,https://studioszel.ro/biblioteci-si-vitrine/35010-568614-biblioteca-ingusta-cu-1-usa-etajera-deschisa-colectia-directoire.html,yes
PS178,Small Mercerie Table,Table,110x60x89,PS178,https://studioszel.ro/console/411-569653-consola-cu-picioare-strunjite-1-polita.html,yes
PS178-TOP OAK,Small Mercerie Table oak,Table,110x60x89,PS178-TOP OAK,https://studioszel.ro/console/412-566802-consola-cu-picioare-strunjite-1-polita-blat-stejar.html,yes
PS187,Trunk  120x45x45,Other,120x45x45,E-PS187,https://studioszel.ro/cufar/35210-574245-cufar-120x45x45cm.html,yes
PS188,Small bookcase with shelves,Shelving,102x35x102,E-PS188,https://studioszel.ro/biblioteci-si-vitrine/35061-571175-biblioteca-mica-cu-etajere.html,yes
PS189,"Bedside "" Galbee ",Bed,40x34x70,E-PS189,https://studioszel.ro/console/35104-572100-consola-mica-picioare-curbate-2-sertare.html,yes
PS189-TOP OAK,"Bedside "" Galbee "" oak top",Bed,40x34x70,PS189-TOP OAK,https://studioszel.ro/console/421-571985-consola-mica-picioare-curbate-2-sertare-blat-stejar.html,yes
PS190,Bar Stool,Bar,35x35x82,E-PS190,https://studioszel.ro/scaun-bar/35259-575101-scaun-bar.html,yes
PS190-TOP OAK,Stools bars oak seat,Stool,35x35x82,E-PS190-TOP OAK,https://studioszel.ro/scaun-bar/35260-575112-scaun-bar-blat-stejar.html,yes
PS195,Bookcase 5 Shelves,Shelving,120x39x197,E-PS195,https://studioszel.ro/home/35019-568782-biblioteca-mare-colectia-directoire.html,yes
PS202,Bedside,Bed,52x32x45,E-PS202,https://studioszel.ro/noptiere/35228-574492-noptiera-cu-1-sertar-si-spatiu-deschis.html,yes
PS211,Medium book-case 2 doors,Other,76x35x102,E-PS211,https://studioszel.ro/biblioteci-si-vitrine/35065-571289-biblioteca-mica-cu-2-usi-1-polita.html,yes
PS212,Large Book-case 2 doors,Other,102x35x102,E-PS212,https://studioszel.ro/biblioteci-si-vitrine/35067-571318-biblioteca-medie-cu-2-usi-1-polita.html,yes
PS212-TOP OAK,"Office bookcase 2 doors, oak top",Other,102x35x102,PS212-TOP OAK,https://studioszel.ro/biblioteci-si-vitrine/3099-562391-biblioteca-medie-cu-2-usi-1-polita-blat-stejar.html,yes
PS218,Back Café Furniture,Other,103x36x210,E-PS218,https://studioszel.ro/dulap-bar/35280-575562-mobila-bar-cu-2-usi.html,yes
PS224-160/220,Table 160/220x90x78,Table,160x90x78,PS224-160/220,https://studioszel.ro/mese-de-dining/314-573257-masa-cu-extensie-160-220x90x78cm.html,yes
PS230,3 Doors Detachable Wardrobe,Wardrobe,212x67x210,E-PS230,https://studioszel.ro/sifoniere/35420-582892-dulap-demontabil-cu-3-usi.html,yes
PS238,Console 1 drawer,Drawers unit,100x45x89,E-PS238,https://studioszel.ro/console/34812-565950-consola-cu-1-sertar.html,yes
PS238-TOP OAK,Console 1 drawer top oak,Drawers unit,100x45x89,PS238-TOP OAK,https://studioszel.ro/console/237-566583-consola-cu-1-sertar-blat-stejar.html,yes
PS239,Commode Galbee with soft-close metal rails,Other,130x57x90,PS239,https://studioszel.ro/comode/2-583312-comoda-galbee.html,yes
PS240,"Kitchen wall furniture, 2doors, 4 drawers wood top",Drawers unit,120x65x90,PS240,https://studioszel.ro/mobilier-de-bucatarie-modular/193-573134-dulap-bucatarie-cu-2-usi-3-sertare.html,yes
PS240-TOP OAK,"Kitchen wall furniture, 2doors, 4 drawers oak top",Drawers unit,120x65x90,PS240-TOP OAK,https://studioszel.ro/mobilier-de-bucatarie-modular/194-566493-dulap-bucatarie-cu-2-usi-3-sertare-blat-stejar.html,yes
PS242,Coat stand with mirror,Mirror,132x19x210,E-PS242,https://studioszel.ro/cuiere/34781-565294-cuier-cu-oglinda-1-sertar.html,yes
PS244,Wardrobe 1 door,Wardrobe,85x58x180,E-PS244,https://studioszel.ro/sifoniere/35110-572354-dulap-cu-1-usa.html,yes
PS245,Wardrobe 2 doors,Wardrobe,110x58x180,E-PS245,https://studioszel.ro/sifoniere/35109-578938-dulap-cu-2-usi.html,yes
PS250,Top shelves 2 doors,Shelving,120x31x65,PS250,https://studioszel.ro/mobilier-de-bucatarie-modular/234-559589-dulap-bucatarie-suspendabil-cu-2-usi.html,yes
PS262,Wine rack 1 drawer 3 open shelves,Drawers unit,78x41x210,E-PS262,https://studioszel.ro/dulap-bar/35281-575589-mobila-bar-cu-suport-sticle.html,yes
PS264BAS/SUP,Bahut 2 doors 2 drawers+ vitrine,Drawers unit,126x45x200,E-PS264BAS+SUP,https://studioszel.ro/bufete-si-vitrine-pentru-servire/35323-576357-bufet-cu-2-usi-2-sertare-bas-2-usi-sticla-sup.html,yes
PS264BAS,"Bahut 2 doors 2 drawers ""BAS",Drawers unit,120x45x90,E-PS264BAS,https://studioszel.ro/bufete-si-vitrine-pentru-servire/35322-576338-bufet-cu-2-usi-2-sertare-bas.html,yes
PS264BAS-TOP OAK,Bahut 2 doors 2 drawers BAS  oak top,Drawers unit,120x45x90,PS264BAS-TOP OAK,https://studioszel.ro/bufete-si-vitrine-pentru-servire/2403-566991-bufet-cu-2-usi-2-sertare-blat-stejar-bas.html,yes
PS276,Chest of 7 drawers,Chest of drawers,43x33x150,E-PS276,https://studioszel.ro/comode/35143-572874-comoda-ingusta-cu-7-sertare.html,yes
PS286,Ornamental shelf,Shelving,70x25x16,PS286,https://studioszel.ro/mobilier-de-bucatarie-modular/116-560110-polita-cuier.html,yes
PS288,Ornamental shelf,Shelving,70x25x16,E-PS288,https://studioszel.ro/mobilier-de-bucatarie-modular/34817-565988-polita-mica.html,yes
PS293,Wardrobe 1 door 1drawer,Drawers unit,103x59x200,E-PS293,https://studioszel.ro/sifoniere/35119-572368-dulap-cu-1-usa-si-1-sertar.html,yes
PS356,Sideboard 3+4 drawers,Sideboard,122x41x75,E-PS356,https://studioszel.ro/comode/35122-572446-comoda-cu-7-sertare-colectia-directoire.html,yes
PS361,2 doors wardrobe with mirror,Wardrobe,121x59x197,E-PS361,https://studioszel.ro/sifoniere/35150-580400-dulap-cu-2-usi-3-sertare-si-oglinda.html,yes
PS362,Country Kitchen 1 drawers 2 doors,Drawers unit,67x50x180,E-PS362,https://studioszel.ro/bufete-si-vitrine-pentru-servire/34798-565767-dulap-bucatarie-1-sertar-si-2-usi.html,yes
PS365BAS/SUP,Kitchen cupboard 4 doors,Kitchen,180x50x197,E-PS365BAS+SUP,https://studioszel.ro/bufete-si-vitrine-pentru-servire/34931-566362-bufet-cu-4-usi-4-sertare-bas-2-usi-sticla-4-sertare-spatiu-deschis-sup.html,yes
PS365BAS,Kitchen cupboard 4 doors BAS,Kitchen,176x50x90,E-PS365BAS,https://studioszel.ro/bufete-si-vitrine-pentru-servire/34822-566060-bufet-cu-4-usi-4-sertare-bas.html,yes
PS365BAS-TOP OAK,Kitchen cupboard 4 doors BAS oak top,Kitchen,175x50x90,PS365BAS-TOP OAK,https://studioszel.ro/bufete-si-vitrine-pentru-servire/1667-570686-bufet-cu-4-usi-4-sertare-blat-stejar-bas.html,yes
PS366,Coat hanger 2 doors,Other,140x41x210,E-PS366,https://studioszel.ro/cuiere/34785-580672-cuier-mare-cu-2-usi.html,yes
PS366-TOP OAK,"Coat hanger 2 doors, oak top",Other,140x41x210,E-PS366-TOP OAK,https://studioszel.ro/cuiere/34786-565523-cuier-cu-2-usi-cu-blat-stejar.html,yes
PS370BAS,Sideboard 2 doors 3 drawers,Sideboard,173x47x93,E-PS370BAS,https://studioszel.ro/bufete-si-vitrine-pentru-servire/35294-575896-bufet-cu-2-usi-3-sertare-bas.html,yes
PS370BAS-TOP OAK,Sideboard 2 doors 3 drawers oak top,Sideboard,173x47x93,E-PS370BAS-TOP OAK,https://studioszel.ro/bufete-si-vitrine-pentru-servire/35295-575911-bufet-cu-2-usi-3-sertare-blat-stejar-bas.html,yes
PS370BAS/PS165SUP,Display cabinet 2 doors on 3 drawers sideboard,Sideboard,179x47x225,PS370BAS+PS165SUP,https://studioszel.ro/bufete-si-vitrine-pentru-servire/10386-558472-bufet-cu-2-usi-3-sertare-bas-2-usi-sticla-sup.html,yes
PS376,Open display cabinet,Display cabinet,180x39x197,E-PS376,https://studioszel.ro/biblioteci-si-vitrine/35012-568647-biblioteca-tripla-colectia-directoire.html,yes
PS378,Hanging furniture 2 doors +open space,Other,156x31x65,PS378,https://studioszel.ro/mobilier-de-bucatarie-modular/235-577692-dulap-bucatarie-suspendabil-cu-2-usi-spatiu-deschis.html,yes
PS381,Filling cabinet 3 doors,Other,55x40x126,E-PS381,https://studioszel.ro/birou/35063-571203-comoda-cu-3-usi-rabatabile.html,yes
PS385BAS/SUP,Coat hanger in 2 parts BAS+SUP,Other,148x40x106,PS385BAS+SUP,https://studioszel.ro/cuiere/10393-558754-mic-mobilier-hol-cu-spatii-deschise-bas-cuier-sup.html,yes
PS385BAS,Coat hanger BAS,Other,138x40x50,PS385BAS,https://studioszel.ro/dulapuri-pentru-pantofi/42-559130-mic-mobilier-hol-cu-spatii-deschise-bas.html,yes
PS388,Kitchen item 4 drawers Wood Top,Drawers unit,67x65x90,PS388,https://studioszel.ro/mobilier-de-bucatarie-modular/215-582808-mobila-bucatarie-cu-4-sertare.html,yes
PS400,Round coffee table,Table,60x60x78,E-PS400,https://studioszel.ro/console/35099-571937-masa-cafea-rotunda.html,yes
PS400-TOP OAK,Round coffee table oak top,Table,60x60x78,E-PS400-TOP OAK,https://studioszel.ro/console/35101-571950-masa-cafea-rotunda-blat-stejar.html,yes
PS404BAS/SUP,Kitchen display cabinet BAS+SUP,Display cabinet,245x47x225,PS404BAS+SUP,https://studioszel.ro/bufete-si-vitrine-pentru-servire/10392-567441-bufet-cu-4-usi-8-sertare-bas-4-usi-sticla-4-sertare-spatiu-deschis-sup.html,yes
PS404BAS,Kitchen sideboard 4 doors 8 drawers BAS,Sideboard,239x47x93,PS404BAS,https://studioszel.ro/bufete-si-vitrine-pentru-servire/302-560401-bufet-cu-4-usi-8-sertare-bas.html,yes
PS404BAS-TOP OAK,Kitchen sideboard 4 doors 8 drawers BAS oak top,Sideboard,239x47x93,PS404BAS-TOP OAK,https://studioszel.ro/bufete-si-vitrine-pentru-servire/1520-566918-bufet-bucatarie-4-usi-8-sertare-bas-blat-stejar.html,yes
PS405BAS/SUP,Bookcase 4 doors with ladder BAS+SUP,Other,159x51x244,E-PS405BAS+SUP,https://studioszel.ro/biblioteci-si-vitrine/35037-569030-biblioteca-cu-4-usi-bas-etajera-dubla-sup.html,yes
PS405BAS,Sideboard 4 doors BAS,Sideboard,151x51x84,E-PS405BAS,https://studioszel.ro/biblioteci-si-vitrine/35035-580838-bufet-4-usi-bas.html,yes
PS407,Display cabinet 2 doors,Display cabinet,110x40x210,E-PS407,https://studioszel.ro/biblioteci-si-vitrine/35030-568941-vitrina-cu-2-usi-cu-tija.html,yes
PS408BAS/SUP,Display cabinet 4 doors BAS+SUP,Display cabinet,223x50x228,E-PS408BAS+SUP,https://studioszel.ro/biblioteci-si-vitrine/35407-581028-vitrina-cu-4-usi-cu-tija-bas-4-usi-mari-sticla-cu-tija-sup.html,yes
PS408BAS,Sideboard 4 doors BAS,Sideboard,219x50x78,E-PS408BAS,https://studioszel.ro/biblioteci-si-vitrine/35401-580703-bufet-cu-4-usi-cu-tija-bas.html,yes
PS414,Small flower stand,Other,45x35x89,PS414,https://studioszel.ro/bufete-si-vitrine-pentru-servire/118-569532-raft-mic-cu-2-polite.html,yes
PS415,"Shoe cabinet 3 doors, 2 drawers",Drawers unit,103x35x140,E-PS415,https://studioszel.ro/dulapuri-pentru-pantofi/34778-579521-pantofar-cu-3-usi-si-2-sertare.html,yes
PS415-TOP OAK,"Shoe cabinet 3 doors, 2 drawers oak top",Drawers unit,103x35x140,PS415-TOP OAK,https://studioszel.ro/dulapuri-pentru-pantofi/7175-578516-pantofar-cu-3-usi-si-2-sertare-blat-stejar.html,yes
PS420,Bathroom rack 1 door 1 drawer 2 shelves,Drawers unit,49x39x160,E-PS420,https://studioszel.ro/dulap-baie/35190-573822-dulap-baie-cu-1-usa-1-sertar-2-rafturi.html,yes
PS422,Sideboard 2 doors 1 drawer,Sideboard,85x35x120,E-PS422,https://studioszel.ro/dulapuri-pentru-pantofi/34819-566033-dulap-cu-2-usi-si-1-sertar.html,yes
PS422-TOP OAK,Sideboard 2 doors 1 drawer oak top,Sideboard,85x35x120,E-PS422-TOP OAK,https://studioszel.ro/dulapuri-pentru-pantofi/34932-566446-dulap-cu-2-usi-si-1-sertar-blat-stejar.html,yes
PS425,Display cabinet 3 drawers 1 door,Display cabinet,65x39x197,E-PS425,https://studioszel.ro/biblioteci-si-vitrine/35009-580401-dulap-cu-1-usa-sticla-3-sertare-colectia-directoire.html,yes
PS428,Bedside with ornaments,Bed,50x33x60,E-PS428,https://studioszel.ro/noptiere/35195-574059-noptiera-cu-1-sertar-si-1-polita-colectia-directoire.html,yes
PS429,Coat hanger 3 hooks,Other,65x8x195,PS429,https://studioszel.ro/cuiere/41-577794-cuier-3-agatatoare.html,yes
PS431,Big hallway mirror,Hallway,100x8x100,PS431,https://studioszel.ro/oglinzi/436-572833-oglinda-baie.html,yes
PS432,Hallway sideboard 2 doors 2 drawers,Sideboard,85x35x85,E-PS432,https://studioszel.ro/console/35080-571516-dulap-cu-2-usi-si-2-sertare.html,yes
PS432-TOP OAK,"Hallway sideboard 2 doors 2 drawers, oak top",Sideboard,85x35x85,E-PS432-TOP OAK,https://studioszel.ro/console/35378-579237-dulap-cu-2-usi-si-2-sertare-blat-stejar.html,yes
PS433,Hallway sideboard 3 doors 3 drawers,Sideboard,120x35x85,E-PS433,https://studioszel.ro/console/35081-571542-dulap-cu-3-usi-si-3-sertare.html,yes
PS433-TOP OAK,"Hallway sideboard 3 doors 3 drawers, oak top",Sideboard,120x35x85,E-PS433-TOP OAK,https://studioszel.ro/console/35392-579736-dulap-cu-3-usi-si-3-sertare-blat-stejar.html,yes
PS437,"Livingroom wardrobe 2 doors, open shelves",Shelving,180x39x140,E-PS437,https://studioszel.ro/biblioteci-si-vitrine/35007-568525-biblioteca-cu-2-usi-2-usi-sticla-si-2-sertare-colectia-directoire.html,yes
PS447,Big flower stand,Other,45x35x170,E-PS447,https://studioszel.ro/bufete-si-vitrine-pentru-servire/34818-565998-raft-cu-4-polite.html,yes
PS449,Small mirror frame,Mirror,93x10x111,E-PS449,https://studioszel.ro/oglinzi/35364-578690-oglinda-colectia-directoire.html,yes
PS450,Tall mirror for hallways,Hallway,65x8x195,E-PS450,https://studioszel.ro/oglinzi/34958-567540-oglinda-inalta-hol.html,yes
PS451,Small mirror for hallways,Hallway,65x8x100,PS451,https://studioszel.ro/oglinzi/433-581359-oglinda-mica-baie.html,yes
PS458,Kitchen corner furniture 98x98x90,Kitchen,98x98x90,PS458,https://studioszel.ro/mobilier-de-bucatarie-modular/203-576508-mobila-de-colt-pentru-bucatarie-98x98x90cm.html,yes
PS458-TOP OAK,Kitchen corner furniture 98x98x90 oak top,Kitchen,98x98x90,PS458-TOP OAK,https://studioszel.ro/mobilier-de-bucatarie-modular/204-566512-mobila-de-colt-pentru-bucatarie-98x98x90cm-blat-stejar.html,yes
PS472,Hallway sideboard 2 doors 6 drawers,Sideboard,176x35x105,E-PS472,https://studioszel.ro/dulapuri-pentru-pantofi/34933-567090-comoda-hol-cu-2-2-usi-si-4-sertare.html,yes
PS472-TOP OAK,Hallway sideboard 2 doors 6 drawers oak top,Sideboard,176x35x105,PS472-TOP OAK,https://studioszel.ro/dulapuri-pentru-pantofi/2589-577643-comoda-hol-cu-2-2-usi-4-sertare-blat-stejar.html,yes
PS485,Sideboard with12 multicolored drawers,Sideboard,120x36x97,E-PS485,https://studioszel.ro/comode/35131-572630-comoda-cu-12-sertare-colectia-directoire.html,yes
PS487,Display cabinet 2+2 doors,Display cabinet,130x39x160,E-PS487,https://studioszel.ro/biblioteci-si-vitrine/35006-568514-dulap-cu-2-usi-2-usi-sticla-colectia-directoire.html,yes
PS491,Wardrobe 2+1 door and 3 drawers,Drawers unit,121x59x210,E-PS491,https://studioszel.ro/sifoniere/35148-573241-dulap-cu-3-usi-si-3-sertare-colectia-directoire.html,yes
PS494,Sideboard 2 doors and open shelves,Sideboard,160x46x60,E-PS494,https://studioszel.ro/mese-tv-si-mobilier-media/35017-568732-comoda-2-usi-si-rafturi-deschise.html,yes
PS494-TOP OAK,Sideboard 2 doors and open shelves oak top,Sideboard,160x60x46,PS494-TOP OAK,https://studioszel.ro/mese-tv-si-mobilier-media/2608-567075-comoda-2-usi-si-rafturi-deschise-blat-stejar.html,yes
PS499,Kitchen furniture for square sink,Kitchen,81x65x90,PS499,https://studioszel.ro/mobilier-de-bucatarie-modular/2215-583793-mobila-de-bucatarie-pentru-chiuveta-patrata-chiuveta-nu-este-inclusa-in-pret.html,yes
PS500,Wall hanging kitchen furniture 1 glass door,Kitchen,67x31x65,PS500,https://studioszel.ro/mobilier-de-bucatarie-modular/2216-570716-dulap-bucatarie-suspendabil-cu-1-usa-sticla.html,yes
PS502,High wall hanging kitchen furniture 1 glass door,Kitchen,67x31x100,PS502,https://studioszel.ro/mobilier-de-bucatarie-modular/2218-583435-dulap-bucatarie-suspendabil-cu-1-usa-sticla.html,yes
PS505,Wall hanging kitchen furniture with 4 doors,Kitchen,192x31x65,PS505,https://studioszel.ro/mobilier-de-bucatarie-modular/2268-582769-dulap-bucatarie-suspendabil-cu-4-usi.html,yes
PS511,Kitchen furniture for oven and stove,Kitchen,120x65x90,PS511,https://studioszel.ro/mobilier-de-bucatarie-modular/2275-584074-mobilier-de-bucatarie-pentru-cuptor-si-aragaz.html,yes
PS511-TOP OAK,Kitchen furniture for oven and stove oak top,Kitchen,120x65x90,PS511-TOP OAK,https://studioszel.ro/mobilier-de-bucatarie-modular/2623-554700-mobilier-de-bucatarie-pentru-cuptor-si-aragaz-blat-stejar.html,yes
PS512,High kitchen furniture 2 doors for oven,Kitchen,76x65x220,E-PS512,https://studioszel.ro/mobilier-de-bucatarie-modular/34797-565754-mobilier-de-bucatarie-2-usi-pentru-cuptor.html,yes
PS513,Kitchen side table 3 drawers 1 shelf,Drawers unit,120x35x89,E-PS513,https://studioszel.ro/console/34809-565900-consola-cu-3-sertare-si-1-polita.html,yes
PS513-TOP OAK,Kitchen side table 3 drawers 1 shelf oak top,Drawers unit,120x35x89,E-PS513-TOP OAK,https://studioszel.ro/console/34810-565913-consola-cu-3-sertare-si-1-polita-blat-stejar.html,yes
PS514,Kitchen side table 2 drawers 1 shelf,Drawers unit,85x35x89,E-PS514,https://studioszel.ro/console/34811-565936-consola-cu-2-sertare-1-polita.html,yes
PS514-TOP OAK,Kitchen side table 2 drawers 1 shelf oak top,Drawers unit,85x35x89,PS514-TOP OAK,https://studioszel.ro/console/2627-560077-consola-cu-2-sertare-1-polita-blat-stejar.html,yes
PS515,Display cabinet open shelves 1 drawer,Display cabinet,51x39x197,E-PS515,https://studioszel.ro/bufete-si-vitrine-pentru-servire/34820-566021-raft-cu-1-sertar-3-polite.html,yes
PS524-160/200,Extendible oval table 160/220,Table,160x120x78,E-PS524-160/200,https://studioszel.ro/essenza/35333-576542-masa-ovala-extensibila-160-200cm.html,yes
PS524-180/220,Extendible oval table 180/220,Table,180x120x78,E-PS524-180/220,https://studioszel.ro/essenza/35335-576573-masa-ovala-extensibila-180-220cm.html,yes
PS524-210/250,Extendible oval table 210/250,Table,210x120x78,E-PS524-210/250,https://studioszel.ro/essenza/35337-576599-masa-ovala-extensibila-210-250cm.html,yes
PS525,Hanging Cupboard for Kitchen(Corner),Kitchen,98x98x65,PS525,https://studioszel.ro/mobilier-de-bucatarie-modular/4313-559608-dulap-bucatarie-suspendabil-pentru-colt.html,yes
PS528,Country kitchen 2 glass + 2 panel doors,Kitchen,100x50x180,E-PS528,https://studioszel.ro/bufete-si-vitrine-pentru-servire/34801-565799-dulap-de-bucatarie-cu-vitrina-si-2-usi-panou-in-stil-rustic.html,yes
PS532,"Slim coffee table 2 drawers with glass, pine top",Drawers unit,120x65x48,E-PS532,https://studioszel.ro/masute-de-cafea/34979-567882-masa-cafea-patrata-cu-sticla.html,yes
PS533,TV stand 2 door + 4 open space shelves,TV stand,129x50x70,PS533,https://studioszel.ro/mese-tv-si-mobilier-media/4321-562631-comoda-tv-cu-2-usi-si-4-spatii-deschise.html,yes
PS534,Small hallway coat hanger + 1 door,Hallway,80x40x210,E-PS534,https://studioszel.ro/cuiere/34805-565852-cuier-cu-1-usa.html,yes
PS535,Big hallway coat hanger + 2 doors,Hallway,140x40x210,E-PS535,https://studioszel.ro/cuiere/34803-565826-cuier-cu-2-usi.html,yes
PS536BAS,Hallway coat hanger + shoe cabinet 2 doors bas,Hallway,95x41x44,PS536BAS,https://studioszel.ro/dulapuri-pentru-pantofi/4324-577913-baza-cuier-cu-2-usi-bas.html,yes
PS536BAS/SUP,Hallway coat hanger + shoe cabinet 2 doors bas/sup,Hallway,101x41x210,PS536BAS+SUP,https://studioszel.ro/cuiere/10403-577926-cuier-cu-2-usi-bas-2-sertare-sup.html,yes
PS537,Hallway coat hanger with 2 open shelves,Shelving,80x41x210,E-PS537,https://studioszel.ro/cuiere/34782-565367-cuier-cu-spatiu-deschis.html,yes
PS537-TOP OAK,"Hallway coat hanger with 2 open shelves, oak top",Shelving,80x41x210,E-PS537-TOP OAK,https://studioszel.ro/cuiere/34784-565389-cuier-cu-spatii-deschise-blat-stejar.html,yes
PS538BAS,Small Hallway furniture bas,Hallway,74x40x50,PS538BAS,https://studioszel.ro/dulapuri-pentru-pantofi/4326-559138-baza-cuier-ornamentat-1-usa-bas.html,yes
PS538BAS/SUP,Small Hallway furniture bas/sup,Hallway,80x40x106,PS538BAS+SUP,https://studioszel.ro/cuiere/10394-577780-cuier-ornamentat-cu-1-usa-bas-sup.html,yes
PS539,"Hallway coat hanger with mirror, 2 drawers, 1 cabinet",Drawers unit,121x41x210,E-PS539,https://studioszel.ro/cuiere/34787-565552-cuier-ornamentat-cu-oglinda-1-usa-2-sertare.html,yes
PS540,"Curved leg Multicolor Chest, 7 drawers",Chest of drawers,80x48x82,E-PS540,https://studioszel.ro/console/35105-572116-consola-cu-picioare-curbate-si-7-sertare.html,yes
PS543,"Bathroom ornamental cabinet 3 drawers 1 door, pine top",Drawers unit,103x51x91,E-PS543,https://studioszel.ro/masti-pentru-lavoar/35205-574184-dulap-baie-ornamentat-pentru-lavoar-cu-3-sertare-si-1-usa-lavoarul-nu-este-inclus-in-pret.html,yes
PS543-TOP OAK,"Bathroom ornamental cabinet 3 drawers 1 door, oak top",Drawers unit,103x51x91,E-PS543-TOP OAK,https://studioszel.ro/masti-pentru-lavoar/35217-574308-dulap-baie-ornamentat-pentru-lavoar-cu-3-sertare-si-1-usa-blat-stejar-lavoarul-nu-este-inclus-in-pret.html,yes
PS546,"Small Bathroom item with turned legs, pine top",Bathroom,90x54x90,PS546,https://studioszel.ro/masti-pentru-lavoar/4335-581509-dulap-baie-pentru-lavoar-cu-picioare-strunjite-lavoarul-nu-este-inclus-in-pret.html,yes
PS546-TOP OAK,"Small Bathroom item with turned legs, oak top",Bathroom,90x54x90,PS546-TOP OAK,https://studioszel.ro/masti-pentru-lavoar/4774-557177-dulap-baie-pentru-lavoar-cu-picioare-strunjite-blat-stejar-lavoarul-nu-este-inclus-in-pret.html,yes
PS553BAS,"Showcase arched cornice 2 doors bas, pine top",Other,101x38x75,E-PS553BAS,https://studioszel.ro/biblioteci-si-vitrine/35077-571451-bufet-cu-2-usi-bas.html,yes
PS553BAS/SUP,Showcase arched cornice 2 doors bas/sup,Other,105x40x220,PS553BAS+SUP,https://studioszel.ro/biblioteci-si-vitrine/10404-556497-vitrina-cu-2-usi-bas-2-usi-sticla-cornisa-arcuita-sup.html,yes
PS554,Bonheur Du Jour 2 small 1 big drawers,Drawers unit,65x40x103,E-PS554,https://studioszel.ro/birou/35039-569053-birou-bonheur-du-jour-cu-3-sertare.html,yes
PS569,"Sideboard 2 door + 3 drawers Shutter Collection, pine top",Sideboard,158x37x90,E-PS569,https://studioszel.ro/comode/35135-572687-bufet-cu-2-usi-si-3-sertare-colectia-shutter.html,yes
PS569-TOP OAK,"Sideboard 2 door + 3 drawers Shutter Collection, oak top",Sideboard,158x37x90,PS569-TOP OAK,https://studioszel.ro/comode/4784-583601-bufet-cu-2-usi-3-sertare-blat-stejar-colectia-shutter.html,yes
PS571,"TV Sideboard Shutter Collection, pine top",Sideboard,160x46x56,E-PS571,https://studioszel.ro/mese-tv-si-mobilier-media/35013-568668-comoda-tv-colectia-shutter.html,yes
PS572,"Chest with 2 doors and 1 drawer Shutter Collection, pine top",Chest of drawers,85x37x120,E-PS572,https://studioszel.ro/dulapuri-pentru-pantofi/34956-567517-comoda-cu-2-usi-si-1-sertar-colectia-shutter.html,yes
PS573,Big display cabinet Shutter Collection,Display cabinet,110x39x210,E-PS573,https://studioszel.ro/biblioteci-si-vitrine/35071-571372-vitrina-cu-2-usi-2-usi-sticla-colectia-shutter.html,yes
PS574,Small display cabinet Shutter Collection,Display cabinet,64x39x210,E-PS574,https://studioszel.ro/biblioteci-si-vitrine/35070-584318-vitrina-ingusta-1-usa-1-usa-sticla-colectia-shutter.html,yes
PS577,Basic counter 2 drawers,Drawers unit,120x51x107,E-PS577,https://studioszel.ro/tejghea/35271-575379-bar-cu-2-sertare-2-compartimente-deschise.html,yes
PS577-TOP OAK,"Basic counter 2 drawers, oak top",Drawers unit,120x51x107,PS577-TOP OAK,https://studioszel.ro/tejghea/8949-569464-bar-cu-2-sertare-2-compartimente-deschise-blat-stejar.html,yes
PS578,Basic counter 4 drawers,Drawers unit,180x51x107,PS578,https://studioszel.ro/tejghea/8266-583141-bar-cu-4-sertare-4-compartimente-deschise.html,yes
PS578-TOP OAK,"Basic counter 4 drawers, oak top",Drawers unit,180x51x107,PS578-TOP OAK,https://studioszel.ro/tejghea/8951-581627-bar-cu-4-sertare-4-compartimente-deschise-blat-stejar.html,yes
PS579,Wine rack 1 door,Other,90x41x90,E-PS579,https://studioszel.ro/dulap-bar/35276-575457-mobilier-mic-pentru-bar-cu-suport-sticle.html,yes
PS580,Curved leg 3+2 drawer writing desk,Drawers unit,130x60x103,E-PS580,https://studioszel.ro/birou/35040-569071-birou-cu-picioare-curbate.html,yes
PS595BAS,Glass cabinet 2 sliding doors BAS,Other,106x47x86,E-PS595BAS,https://studioszel.ro/bufete-si-vitrine-pentru-servire/35334-576561-bufet-cu-2-usi-sticla-glisante-bas.html,yes
PS595BAS/SUP,Glass cabinet 2 sliding doors BAS+SUP,Other,110x47x220,E-PS595BAS+SUP,https://studioszel.ro/bufete-si-vitrine-pentru-servire/35336-576594-vitrina-cu-2-usi-sticla-glisante-bas-2-usi-mari-sticla-glisante-sup.html,yes
PS596BAS,Glass cabinet 3 sliding doors BAS,Other,147x47x86,E-PS596BAS,https://studioszel.ro/bufete-si-vitrine-pentru-servire/35479-584328-bufet-cu-3-usi-sticla-glisante-bas.html,yes
PS596BAS-TOP OAK,"Glass cabinet 3 sliding doors BAS, top oak",Other,147x47x86,PS596BAS-TOP OAK,https://studioszel.ro/bufete-si-vitrine-pentru-servire/8963-576900-bufet-cu-3-usi-stica-glisante-blat-stejar-bas.html,yes
PS596BAS/SUP,Glass cabinet 3 sliding doors BAS+SUP,Other,151x47x220,E-PS596BAS+SUP,https://studioszel.ro/bufete-si-vitrine-pentru-servire/35345-576720-vitrina-bucatarie-cu-3-usi-sticla-glisante-bas-3-usi-sticla-glisante-sup.html,yes
PS597BAS,Cabinet 2 sliding panel doors BAS,Other,135x48x78,E-PS597BAS,https://studioszel.ro/bufete-si-vitrine-pentru-servire/35343-576672-bufet-cu-2-usi-glisante.html,yes
PS597BAS/SUP,Cabinet 2 sliding doors BAS+SUP,Other,141x48x212,E-PS597BAS+SUP,https://studioszel.ro/bufete-si-vitrine-pentru-servire/35344-576706-vitrina-bucatarie-cu-2-usi-glisante-bas-2-usi-sticla-glisante-sup.html,yes
PS598BAS,Cabinet 3 sliding panel doors BAS,Other,188x48x78,E-PS598BAS,https://studioszel.ro/bufete-si-vitrine-pentru-servire/35324-576400-bufet-cu-3-usi-glisante-bas.html,yes
PS598BAS/SUP,Cabinet 3 sliding doors BAS+SUP,Other,194x48x212,PS598BAS+SUP,https://studioszel.ro/bufete-si-vitrine-pentru-servire/10411-560566-vitrina-bucatarie-cu-3-usi-glisante-bas-3-usi-sticla-glisante-sup.html,yes
PS599,Double square sink kitchen unit - without sink,Kitchen,155x65x90,PS599,https://studioszel.ro/mobilier-de-bucatarie-modular/8293-584079-corp-bucatarie-pentru-chiuveta-dubla-chiuveta-nu-este-inclusa-in-pret.html,yes
PS602BAS,"Kitchen cabinet 4 doors 4 drawers, BAS",Drawers unit,224x45x90,PS602BAS,https://studioszel.ro/bufete-si-vitrine-pentru-servire/8354-568191-bufet-cu-4-usi-4-sertare-bas.html,yes
PS602BAS-TOP OAK,"Kitchen cabinet 4 doors 4 drawers, BAS, top oak",Drawers unit,224x45x90,PS602BAS-TOP OAK,https://studioszel.ro/bufete-si-vitrine-pentru-servire/8967-560498-bufet-cu-4-usi-4-sertare-blat-stejar-bas.html,yes
PS602BAS/SUP,Kitchen cabinet 4 doors BAS+SUP,Kitchen,230x45x200,E-PS602BAS+SUP,https://studioszel.ro/bufete-si-vitrine-pentru-servire/35304-576067-vitrina-bucatarie-cu-4-usi-si-4-sertare-bas-4-usi-sticla-sup.html,yes
PS605,"Office desk, closed back directoire collection",Desk,160x70x78,E-PS605,https://studioszel.ro/birou/35062-571167-birou-cu-spate-inchis-colectia-directoire.html,yes
PS605-TOP OAK,"Office desk, closed back directoire collection, top oak",Desk,160x70x78,PS605-TOP OAK,https://studioszel.ro/birou/8971-562810-birou-cu-spate-inchis-blat-stejar-colectia-directoire.html,yes
PS607,Big kitchen island with 4  drawers,Drawers unit,180x85x90,E-PS607,https://studioszel.ro/insule-de-bucatarie/34962-567617-insula-de-bucatarie-mare-cu-4-sertare.html,yes
PS608,Glass door kitchen island with wine rack,Kitchen,150x90x90,PS608,https://studioszel.ro/insule-de-bucatarie/8361-583287-insula-de-bucatarie-cu-usi-si-compartiment-pentru-sticle.html,yes
PS608-TOP OAK,"Glass door kitchen island with wine rack, top oak",Kitchen,150x90x90,PS608-TOP OAK,https://studioszel.ro/insule-de-bucatarie/8975-581587-insula-de-bucatarie-cu-usi-si-compartiment-pentru-sticle-blat-stejar.html,yes
PS613-90x200,2 panel headboard bed 90x200,Bed,90x200x82,PS613-90X200,https://studioszel.ro/rama-ivory/8367-572066-pat-cu-tablie-90x200cm.html,yes
PS613-140x200,2 panel headboard bed 140x200,Bed,140x200x82,E-PS613-140X200,https://studioszel.ro/rama-ivory/35208-574212-pat-cu-tablie-140x200cm.html,yes
PS613-160x200,2 panel headboard bed 160x200,Bed,160x200x82,E-PS613-160X200,https://studioszel.ro/rama-ivory/35207-574204-pat-cu-tablie-160x200cm.html,yes
PS613-180x200,2 panel headboard bed 180x200,Bed,180x200x82,E-PS613-180X200,https://studioszel.ro/rama-ivory/35206-574195-pat-cu-tablie-180x200cm.html,yes
PS614-90x200,"3 panel headboard bed 90x200, Shutter Collection",Bed,90x200x82,PS614-90X200,https://studioszel.ro/nordic-breeze/8370-581133-pat-cu-tablie-tip-jaluzele-90x200cm-colectia-shutter.html,yes
PS614-140x200,"3 panel headboard bed 140x200, Shutter Collection",Bed,140x200x82,E-PS614-140X200,https://studioszel.ro/nordic-breeze/35197-574069-pat-cu-tablie-tip-jaluzele-140x200cm-colectia-shutter.html,yes
PS614-160x200,"3 panel headboard bed 160x200, Shutter Collection",Bed,160x200x82,E-PS614-160X200,https://studioszel.ro/nordic-breeze/35198-574078-pat-cu-tablie-tip-jaluzele-160x200cm-colectia-shutter.html,yes
PS614-180x200,"3 panel headboard bed 180x200, Shutter Collection",Bed,180x200x82,E-PS614-180X200,https://studioszel.ro/nordic-breeze/35199-574088-pat-cu-tablie-cu-3-panouri-180x200-colectia-shutter.html,yes
PS616,"2 door crémone wardrobe, Shutter Collection",Wardrobe,109x40x210,E-PS616,https://studioszel.ro/sifoniere/35160-573515-dulap-cu-2-usi-sistem-inchidere-tija-colectia-shutter.html,yes
PS617,"Single door wardrobe, Shutter Collection",Wardrobe,76x59x200,E-PS617,https://studioszel.ro/sifoniere/35158-573399-dulap-cu-1-usa-colectia-shutter.html,yes
PS618,"2 door wardrobe, Shutter Collection",Wardrobe,134x59x200,E-PS618,https://studioszel.ro/sifoniere/35159-573413-dulap-cu-2-usi-colectia-shutter.html,yes
PS619,"3 door wardrobe, Shutter Collection",Wardrobe,194x59x200,E-PS619,https://studioszel.ro/sifoniere/35157-573373-dulap-cu-3-usi-colectia-shutter.html,yes
PS620,Big detachable wardrobe 6 doors 4 drawers,Drawers unit,232x59x197,E-PS620,https://studioszel.ro/sifoniere/35140-572792-dulap-cu-4-2-usi-4-sertare.html,yes
PS623-160,"Basic dining table turned legs, 160x90",Table,160x90x78,E-PS623-160,https://studioszel.ro/classic-turn/35310-576142-masa-de-sufragerie-cu-picioare-strunjite-160x90cm.html,yes
PS623-160-TOP OAK,"Basic dining table turned legs, 160x90, top oak",Table,160x90x78,PS623-160-TOP OAK,https://studioszel.ro/classic-turn/8996-561096-masa-de-sufragerie-cu-picioare-strunjite-160x90cm-blat-stejar.html,yes
PS623-180,"Basic dining table turned legs, 180x90",Table,180x90x78,E-PS623-180,https://studioszel.ro/classic-turn/35311-576155-masa-de-sufragerie-cu-picioare-strunjite-180x90cm.html,yes
PS623-180-TOP OAK,"Basic dining table turned legs, 180x90, top oak",Table,180x90x78,E-PS623-180-TOP OAK,https://studioszel.ro/classic-turn/35313-576182-masa-de-sufragerie-cu-picioare-strunjite-180x90cm-blat-stejar.html,yes
PS623-210,"Basic dining table turned legs, 210x90",Table,210x90x78,E-PS623-210,https://studioszel.ro/classic-turn/35312-576168-masa-de-sufragerie-cu-picioare-strunjite-210x90cm.html,yes
PS623-210-TOP OAK,"Basic dining table turned legs, 210x90, top oak",Table,210x90x78,PS623-210-TOP OAK,https://studioszel.ro/classic-turn/8998-561118-masa-de-sufragerie-cu-picioare-strunjite-210x90cm-blat-stejar.html,yes
PS625,Round seat counter chair,Other,35x35x82,E-PS625,https://studioszel.ro/scaun-bar/35258-575087-scaun-de-bar-cu-blat-rotund.html,yes
PS628,Curved leg bathroom small cabinet - without sink,Bathroom,90x54x90,E-PS628,https://studioszel.ro/masti-pentru-lavoar/35220-574421-dulap-baie-mic-cu-picioare-curbate-lavoarul-nu-este-inclus-in-pret.html,yes
PS640,Pure shoe rack,Other,100x35x40,PS640,https://studioszel.ro/dulapuri-pentru-pantofi/15107-584482-pantofar-pure.html,yes
PS640-TOP OAK,"Pure shoe rack, oak top",Other,100x35x40,PS640-TOP OAK,https://studioszel.ro/dulapuri-pentru-pantofi/15936-559360-pantofar-pure-blat-stejar.html,yes
PS642,Pure shoe storage sideboard drawer on metal rails,Sideboard,100x35x110,E-PS642,https://studioszel.ro/dulapuri-pentru-pantofi/34951-567367-pantofar-cu-2-usi-1-sertar-pure-sertar-pe-sina-metalica.html,yes
PS642-TOP OAK,"Pure shoe storage sideboard, oak top drawer on metal rails",Sideboard,100x35x110,E-PS642-TOP OAK,https://studioszel.ro/dulapuri-pentru-pantofi/34952-567380-pantofar-cu-2-usi-1-sertar-pure-blat-stejar-sertar-pe-sina-metalica.html,yes
PS643,Pure hallway hanging item,Hallway,100x19x120,PS643,https://studioszel.ro/cuiere/15110-570565-cuier-lobby-pure.html,yes
PS644,"Pure tall cabinet 2 doors Collection ""Pure",Other,70x35x197,E-PS644,https://studioszel.ro/cuiere/34942-567212-dulap-inalt-cu-2-usi-pure.html,yes
PS646,Chic sidebard 3 drawers with soft -close metal rails,Drawers unit,110x48x89,E-PS646,https://studioszel.ro/comode/35142-572862-comoda-cu-3-sertare-chic-sertare-pe-sine-soft-close.html,yes
PS648,Chic sideboard 2 doors with cup hinges + 3 drawers with soft-close metal rails,Sideboard,158x48x89,E-PS648,https://studioszel.ro/comode/35136-572741-comoda-cu-2-usi-si-3-sertare-chic-sertare-pe-sine-soft-close.html,yes
PS648-TOP OAK,"Chic sideboard 2 doors with cup hinges + 3 drawers with soft-close metal rails, oak top",Sideboard,158x48x89,E-PS648-TOP OAK,https://studioszel.ro/comode/35293-575847-comoda-cu-2-usi-si-3-sertare-chic-blat-stejar-sertare-pe-sine-soft-close.html,yes
PS649,Chic TV sideboard with cup hinges on doors,Sideboard,158x48x60,E-PS649,https://studioszel.ro/mese-tv-si-mobilier-media/35016-568713-comoda-tv-chic.html,yes
PS649-TOP OAK,"Chic TV sideboard, oak top",Sideboard,158x48x60,PS649-TOP OAK,https://studioszel.ro/mese-tv-si-mobilier-media/15945-556535-comoda-tv-chic-blat-stejar.html,yes
PS652,Chic display cabinet single door with cup hinges,Display cabinet,66x49x190,PS652,https://studioszel.ro/biblioteci-si-vitrine/15119-562443-vitrina-cu-o-usa-chic.html,yes
PS654,Chic display open shelf cabinet,Shelving,112x49x190,E-PS654,https://studioszel.ro/biblioteci-si-vitrine/35073-571406-etajera-chic.html,yes
PS655,Turned legs bar stool,Bar,35x35x82,E-PS655,https://studioszel.ro/scaun-bar/35257-575065-scaun-de-bar-cu-picioare-strunjite.html,yes
PS656,Low winerack with drawers,Drawers unit,110x34x90,E-PS656,https://studioszel.ro/dulap-bar/35277-575482-suport-sticle-vin-cu-2-sertare.html,yes
PS659-120,Promo dining table 120x70,Table,120x70x78,PS659-120,https://studioszel.ro/basic-cube/15209-582752-masa-cu-dim-120x70x78.html,yes
PS659-120-TOP OAK,"Promo dining table 120x70, oak top",Table,120x70x78,E-PS659-120-TOP OAK,https://studioszel.ro/basic-cube/35291-575748-masa-cu-blat-stejar-dim-120x70x78.html,yes
PS659-140,Promo dining table 140x70,Table,140x70x78,E-PS659-140,https://studioszel.ro/basic-cube/35288-575721-masa-cu-dim-140x70x78.html,yes
PS659-140-TOP OAK,"Promo dining table 140x70, oak top",Table,140x70x78,E-PS659-140-TOP OAK,https://studioszel.ro/basic-cube/35292-575760-masa-cu-blat-stejar-dim-140x70x78.html,yes
PS659-80,Promo dining table 80x80,Table,80x80x78,PS659-80,https://studioszel.ro/basic-cube/15207-555509-masa-cu-dim-80x80x78.html,yes
PS659-80-TOP OAK,"Promo dining table 80x80, oak top",Table,80x80x78,E-PS659-80-TOP OAK,https://studioszel.ro/basic-cube/35290-575734-masa-cu-blat-stejar-dim-80x80x78.html,yes
PS662-TOP P,"Chair Ivan, pine top",Other,,E-PS662-TOP P,https://studioszel.ro/mese-de-dining/34969-567718-scaun-ivan.html,yes
PS662-TOP F,"Chair Ivan, beech top",Other,,PS662-TOP F,https://studioszel.ro/mese-de-dining/16091-572076-scaun-ivan-blat-fag.html,yes
PS662-TOP OAK,"Chair Ivan, oak top",Other,45x43x88,PS662-TOP OAK,https://studioszel.ro/mese-de-dining/15950-579910-scaun-ivan-blat-stejar.html,yes
PS663-TOP F,"Chair Clara, beech top",Other,46x41x91,PS663-TOP F,https://studioszel.ro/mese-de-dining/16092-581655-scaun-clara-blat-fag.html,yes
PS667,"Bathroom base unit shutter door, open central - without sink",Bathroom,120x51x75,E-PS667,https://studioszel.ro/masti-pentru-lavoar/35226-574454-dulap-baie-cu-2-usi-lamelare-lavoarele-nu-sunt-incluse-in-pret.html,yes
PS667-TOP OAK,"Bathroom base unit shutter door, open central - without sink, oak top",Bathroom,120x51x75,E-PS667-TOP OAK,https://studioszel.ro/masti-pentru-lavoar/35227-574467-dulap-baie-cu-2-usi-lamelare-lavoarele-nu-sunt-incluse-in-pret-blat-stejar.html,yes
PS668,Bathroom base unit double shutter doors + 3 drawers - without sink,Drawers unit,100x51x75,PS668,https://studioszel.ro/masti-pentru-lavoar/15222-554953-dulap-baie-cu-2-usi-lamelare-3-sertare-lavoarele-nu-sunt-incluse-in-pret.html,yes
PS671-120,Bar counter with winerack,Bar,120x51x107,PS671-120,https://studioszel.ro/tejghea/15293-555877-bar-cu-suport-pentru-sticle-de-vin.html,yes
PS671-120-TOP OAK,"Bar counter with winerack, oak top",Bar,120x51x107,PS671-120-TOP OAK,https://studioszel.ro/tejghea/15909-554659-bar-cu-suport-pentru-sticle-de-vin-blat-stejar.html,yes
PS673,"Round top bar table, 78cm high",Table,78x78x78,E-PS673,https://studioszel.ro/mese-de-dining/35255-575040-masa-de-bar-cu-blat-rotund-78cm.html,yes
PS673-TOP OAK,"Round top bar table, 78cm high, oak top",Table,78x78x78,E-PS673-TOP OAK,https://studioszel.ro/mese-de-dining/35256-575053-masa-de-bar-cu-blat-rotund-78cm-blat-stejar.html,yes
PS675,"Square top bar table, 78 cm high",Table,80x80x78,PS675,https://studioszel.ro/mese-de-dining/15297-556318-masa-de-bar-78cm.html,yes
PS675-TOP OAK,"Square top bar table, 78 cm high, oak top",Table,80x80x78,PS675-TOP OAK,https://studioszel.ro/mese-de-dining/15957-556232-masa-de-bar-78cm-blat-stejar.html,yes
PS676,Colonial table with turned central leg,Table,130x130x78,PS676,https://studioszel.ro/mese-de-dining/15298-561285-masa-cu-picior-strunjit.html,yes
PS677,X-Y base dining table,Table,130x130x78,E-PS677,https://studioszel.ro/mese-de-dining/35330-576489-masa-rotunda-cu-picior-xy.html,yes
PS677-TOP OAK,"X-Y base dining table, oak top",Table,130x130x78,E-PS677-TOP OAK,https://studioszel.ro/mese-de-dining/35332-576524-masa-rotunda-cu-picior-xy-blat-stejar.html,yes
PS679,Stool with turned legs,Stool,35x35x45,E-PS679,https://studioszel.ro/mese-de-dining/34967-567692-scaun-cu-picioare-strunjite.html,yes
PS680,"Round seat stool, turned legs",Stool,35x35x45,PS680,https://studioszel.ro/mese-de-dining/15302-560892-scaun-rotund-cu-picioare-strunjite.html,yes
PS682,Kitchen island with table,Kitchen,150x85x80,PS682,https://studioszel.ro/insule-de-bucatarie/15304-560784-insula-de-bucatarie.html,yes
PS682-TOP OAK,"Kitchen island with table, oak top",Kitchen,150x85x80,E-PS682-TOP OAK,https://studioszel.ro/insule-de-bucatarie/34963-567629-insula-de-bucatarie-blat-stejar.html,yes
PS683,Double square sink kitchen module,Kitchen,180x65x90,PS683,https://studioszel.ro/mobilier-de-bucatarie-modular/15305-579503-mobila-bucatarie-cu-chiuveta-dubla.html,yes
PS685,"Spice rack module, including rectractable basket",Table,45x65x90,PS685,https://studioszel.ro/mobilier-de-bucatarie-modular/15307-559792-suport-pentru-condimente-cu-cos-retractabil.html,yes
PS686,Hanging cupboard double glass doors,Other,120x31x100,PS686,https://studioszel.ro/mobilier-de-bucatarie-modular/15308-559603-corp-superior-cu-2-usi.html,yes
PS690,Single door wardrobe with 2 drawers,Drawers unit,85x59x197,E-PS690,https://studioszel.ro/sifoniere/35156-573360-dulap-haine-cu-3-sertare.html,yes
PS692-140X126,"Directoire ornate heardboard, 140",Other,140x10x126,PS692-140X126,https://studioszel.ro/dormitor/15315-555594-tablie-de-pat-colectia-directoire-140x126.html,yes
PS692-160X126,"Directoire ornate heardboard, 160",Other,160x10x126,PS692-160X126,https://studioszel.ro/dormitor/15763-555586-tablie-de-pat-colectia-directoire-160x126.html,yes
PS694,Simply Chic standing coat rack,Other,59x59x200,PS694,https://studioszel.ro/cuiere/17747-553871-cuier-stativ-hol-din-lemn-masiv-simply-chic.html,yes
PS695,Fancy Chic standing coat rack,Other,59x59x200,E-PS695,https://studioszel.ro/cuiere/34780-565271-cuier-stativ-hol-din-lemn-masiv-fancy-chic.html,yes
PS697,Bar furniture with bottle holder,Bar,120x41x210,E-PS697,https://studioszel.ro/dulap-bar/35275-575442-mobilier-de-bar-cu-suport-sticle-120-cm.html,yes
PS698,Bar furniture with support for glasses and bottle holder,Bar,180x41x210,E-PS698,https://studioszel.ro/dulap-bar/35274-575422-mobilier-de-bar-cu-suport-pentru-pahare-si-sticle-180-cm.html,yes
PS699BAS,Bar furniture with support for glasses and bottle holder BAS,Bar,236x48x90,PS699BAS,https://studioszel.ro/dulap-bar/23146-555420-mobilier-de-bar-cu-suport-pentru-pahare-si-sticle-bas.html,yes
PS699BAS/SUP,Bar furniture with support for glasses and bottle holder BAS/SUP,Bar,240x50x210,E-PS699BAS+SUP,https://studioszel.ro/dulap-bar/35273-575408-mobilier-de-bar-cu-suport-pentru-pahare-si-sticle-bas-sup.html,yes
PS701,Kitchen module for built-in refrigerator with 2 doors,Kitchen,80x65x200,E-PS701,https://studioszel.ro/mobilier-de-bucatarie-modular/35167-573550-modul-bucatarie-pentru-frigider-incorporabil-cu-2-usi.html,yes
PS702,"Kitchen module with 3 drawers and cutlery holder, with metal rails",Drawers unit,110x65x90,PS702,https://studioszel.ro/mobilier-de-bucatarie-modular/23152-584064-modul-de-bucatarie-cu-3-sertare-pe-sine-metalice-simple-si-suport-pentru-tacamuri.html,yes
PS703,"Kitchen module with two drawers and two hidden drawers, with metal rails",Drawers unit,92x65x90,PS703,https://studioszel.ro/mobilier-de-bucatarie-modular/23153-577023-modul-de-bucatarie-cu-doua-sertare-si-doua-sertare-ascunse-sertare-pe-sine-metalice-simple.html,yes
PS703-TOP OAK,"Kitchen module with two drawers and two hidden drawers, with metal rails, top OAK",Drawers unit,92x65x90,PS703-TOP OAK,https://studioszel.ro/mobilier-de-bucatarie-modular/23872-573022-modul-de-bucatarie-cu-doua-sertare-si-doua-sertare-ascunse-sertare-pe-sine-metalice-simple-blat-stejar.html,yes
PS704,SLIM built-in dishwasher kitchen module,Kitchen,65x65x90,PS704,https://studioszel.ro/mobilier-de-bucatarie-modular/23154-559767-modul-de-bucatarie-pentru-masina-de-spalat-vase-slim-incorporabil.html,yes
PS705,Kitchen island for breakfast,Kitchen,160x110x110,PS705,https://studioszel.ro/insule-de-bucatarie/23155-581061-insula-de-bucatarie-cu-spatiu-pentru-luat-mic-dejun.html,yes
PS705-TOP OAK,"Kitchen island for breakfast , top OAK",Kitchen,160x110x110,PS705-TOP OAK,https://studioszel.ro/insule-de-bucatarie/23874-554652-insula-de-bucatarie-cu-spatiu-pentru-luat-mic-dejun-blat-stejar.html,yes
PS706,"Pantry closet, drawers on metal rails",Drawers unit,96x65x220,E-PS706,https://studioszel.ro/bufete-si-vitrine-pentru-servire/34796-584276-dulap-de-camara-sertare-pe-sine-metalice.html,yes
PS710,Coffee table with turned legs and a low shelf,Table,65x65x45,E-PS710,https://studioszel.ro/masute-de-cafea/34974-567780-masuta-de-cafea-cu-picioare-strunjite-si-o-polita-joasa.html,yes
PS710-TOP OAK,"Coffee table with turned legs and a low shelf , top oak",Table,65x65x45,E-PS710-TOP OAK,https://studioszel.ro/masute-de-cafea/34975-567793-masuta-de-cafea-cu-picioare-strunjite-si-o-polita-joasa-blat-stejar.html,yes
PS712,"Bathroom furniture with curved legs, two doors and three drawers",Drawers unit,150x54x75,PS712,https://studioszel.ro/masti-pentru-lavoar/23162-555649-mobilier-de-baie-cu-picioare-curbate-doua-usi-si-trei-sertare.html,yes
PS713,Coffee table with turned legs,Table,90x65x45,PS713,https://studioszel.ro/masute-de-cafea/23163-561443-masuta-de-cafea-cu-picioare-strunjite.html,yes
PS713-TOP OAK,"Coffee table with turned legs, top oak",Table,90x65x45,E-PS713-TOP OAK,https://studioszel.ro/masute-de-cafea/34973-567768-masuta-de-cafea-cu-picioare-strunjite-blat-stejar.html,yes
PS714,Oval table with turned central leg,Table,160x130x78,PS714,https://studioszel.ro/mese-de-dining/23164-555131-masa-ovala-cu-picior-central-strunjit.html,yes
PS716,Bathroom cabinet with ornate foot for 1 vessel sink,Bathroom,90x51x74,E-PS716,https://studioszel.ro/masti-pentru-lavoar/35204-574172-dulap-baie-cu-picior-ornamentat-pentru-1-chiuveta-suprapusa.html,yes
PS717,Suspended bathroom furniture with two doors with mirror and shelves,Bathroom,154x23x80,PS717,https://studioszel.ro/oglinzi/23167-579322-mobilier-baie-suspendat-cu-doua-usi-cu-oglinda-si-rafturi.html,yes
PS720R,"Hallway wardrobe, with shoe rack and coathanger - right",Hallway,205x65x210,E-PS720R,https://studioszel.ro/cuiere/34777-565183-dulap-de-hol-cu-pantofar-si-cuier-drapta.html,yes
PS720L,"Hallway wardrobe, with shoe rack and coathanger - left",Hallway,205x65x210,E-PS720L,https://studioszel.ro/cuiere/34775-565116-dulap-de-hol-cu-pantofar-si-cuier-stanga.html,yes
PS721,Shutter design halway coat hanger with two doors,Other,140x41x210,E-PS721,https://studioszel.ro/cuiere/34957-567528-cuier-cu-design-shutter-cu-doua-usi.html,yes
PS722,"Shutter design hallway coat hanger with mirror, 2 drawers, 1 door",Drawers unit,121x41x210,E-PS722,https://studioszel.ro/cuiere/34954-567419-cuier-cu-design-shutter-cu-oglinda-doua-sertare-1-usa.html,yes
PS723,"High mirror, Chic collection",Mirror,78x5x168,PS723,https://studioszel.ro/oglinzi/23175-561775-oglinda-inalta-colectia-chic.html,yes
PS724,"High mirror, Shutter collection",Mirror,65x8x195,PS724,https://studioszel.ro/oglinzi/23176-581211-oglinda-inalta-cu-design-shutter.html,yes
PS725,Wide mirror with Shutter design,Mirror,150x8x100,PS725,https://studioszel.ro/oglinzi/23177-584031-oglinda-lata-cu-design-shutter.html,yes
PS727BAS/SUP,"Display cabinet, 6 sliding doors, 3 drawers, BAS/SUP",Display cabinet,180x51x220,E-PS727BAS+SUP,https://studioszel.ro/bufete-si-vitrine-pentru-servire/35326-576426-bufet-cu-vitrina-6-usi-glisante-3-sertare-bas-sup.html,yes
PS727BAS,"Sideboard, 3 sliding panel doors, 3 drawers, BAS",Sideboard,176x51x85,E-PS727BAS,https://studioszel.ro/bufete-si-vitrine-pentru-servire/35325-576415-bufet-cu-3-usi-glisante-pline-3-sertare-bas.html,yes
PS728,Chic bathroom furniture for vessel sink with 4 doors and 2 drawers,Drawers unit,140x57x75,E-PS728,https://studioszel.ro/masti-pentru-lavoar/35253-574838-mobilier-baie-chic-cu-4-usi-si-2-sertare-pentru-chiuveta-suprapusa.html,yes
PS729,Chic bathroom furniture for vessel sink with 2 doors and 3  drawers,Drawers unit,158x54x75,E-PS729,https://studioszel.ro/masti-pentru-lavoar/35251-574813-mobilier-baie-chic-cu-2-usi-si-3-sertare-pentru-chiuveta-suprapusa.html,yes
PS730,Chic wardrobe with 2 doors and 2 drawers,Drawers unit,140x70x190,PS730,https://studioszel.ro/sifoniere/23186-579660-sifonier-chic-cu-2-usi-si-2-sertare.html,yes
PS733,Chester chair,Chest of drawers,,PS733,https://studioszel.ro/mese-de-dining/25035-534862-scaun-chester.html,yes
PS760,"Bathroom furniture with 4 drawers, 2 sinks - not included in the price 'Slatted'",Drawers unit,150x50x76,PS760,https://studioszel.ro/slatted/27342-554011-mobila-baie-cu-4-sertare-2-lavoare-neinclus-in-preti-slatted.html,yes
PS790,"Triple Bookcase, Directoire Collection",Other,180x39x197,PS790,https://studioszel.ro/clasic-funiture/32676-570143-biblioteca-tripla-colectia-directoire.html,yes
PS809-TOP OAK,Oval dining table with oak top,Table,,PS809-TOP OAK,https://studioszel.ro/clasic-funiture/33911-569998-masa-dining-ovala-cu-blat-din-stejar.html,yes
PS810,Bunk bed for 3 persons with dim. 80/120x200,Bed,,PS810,https://studioszel.ro/loftline/35085-572254-pat-supraetajat-3-persoane-cu-dim-80-120x200.html,yes
PS811,Bunk bed for 3 persons with dim. 90/140x200,Bed,,PS811,https://studioszel.ro/loftline/35086-577116-pat-supraetajat-3-persoane-cu-dim-90-140x200.html,yes
PS812,Bunk bed with dim. 90/90x200,Bed,,PS812,https://studioszel.ro/havenline/35087-572558-pat-supraetajat-cu-dim-90-90x200.html,yes
PS813,Simple bed with dim. 80x200,Bed,,PS813,https://studioszel.ro/serene-form/35088-572564-pat-simplu-cu-dim-80x200.html,yes
PS814,Simple bed with dim. 90x200,Bed,,PS814,https://studioszel.ro/serene-form/35089-572570-pat-simplu-cu-dim-90x200.html,yes
PS815,Simple bed with dim. 120x200,Bed,,PS815,https://studioszel.ro/serene-form/35090-572576-pat-simplu-cu-dim-120x200.html,yes
PS816,Simple bed with dim. 140x200,Bed,,PS816,https://studioszel.ro/serene-form/35091-572582-pat-simplu-cu-dim-140x200.html,yes
PS817,Simple bed with dim. 160x200,Bed,,PS817,https://studioszel.ro/serene-form/35092-572588-pat-simplu-cu-dim-160x200.html,yes
OPS222,"Home Cinema Sideboard, solid oak",Sideboard,160x46x60,OPS222,https://studioszel.ro/oak/2413-562641-comoda-home-cinema-din-stejar.html,yes
OPS232BAS/SUP,"Kitchen sideboard 3 doors, 3 drawers BAS + 2 doors, 4 drawrs SUP, oak",Sideboard,,OPS232BAS+SUP,https://studioszel.ro/oak/24911-584500-bufet-de-bucatarie-3-usi-3-sertare-bas-2-usi-4-sertare-sup-din-stejar.html,yes
OPS295BAS/OPS294SUP,"Sideboard 6 drawers, 2 doors BAS + open shelves SUP, oak",Sideboard,223x51x228,OPS295BAS+OPS294SUP,https://studioszel.ro/oak/24727-559082-biblioteca-6-sertare-2-usi-bas-rafturi-deschisei-sup-din-stejar.html,yes
OPS358,"Shoe cabinet 2 doors and 2drawers, oak",Drawers unit,103x35x105,E-OPS358,https://studioszel.ro/oak/34816-565980-dulap-2-usi-si-2-sertare-stejar.html,yes
OPS366,Coat hanger 2 doors oak,Other,,OPS366,https://studioszel.ro/oak/1866-579153-cuier-cu-2-usi-stejar.html,yes
OPS537,"Hallway coat hanger with 2 open shelves, oak",Shelving,,OPS537,https://studioszel.ro/oak/11965-579190-cuier-cu-2-spatii-deschise-din-stejar.html,yes
OPS605,"Office desk, closed back directoire collection, oak",Desk,,OPS605,https://studioszel.ro/oak/17604-533786-birou-cu-spate-inchis-colectia-directoire-din-stejar.html,yes
OPS631,Wild Oak bookcase 2 drawers with soft -close metal rails,Drawers unit,60x40x190,E-OPS631,https://studioszel.ro/oak/35058-571094-etajera-cu-doua-sertare-wild-oak-sertare-pe-sine-metalice.html,yes
OPS632,Wild Oak chest of 3 drawers with soft-close metal rails,Chest of drawers,95x50x90,E-OPS632,https://studioszel.ro/oak/35132-572646-comoda-cu-trei-sertare-wild-oak-sertare-pe-sine-metalice.html,yes
OPS633,"Wild Oak sideboard open space and cupboard, door with cup hinges",Sideboard,120x46x60,OPS633,https://studioszel.ro/oak/15100-581559-comoda-cu-un-raft-si-o-usa-wild-oak.html,yes
OPS634,Wild Oak TV sideboard 3 draweres with soft-close metal rails,Sideboard,160x46x60,OPS634,https://studioszel.ro/oak/15101-583766-comoda-pentru-televizor-cu-trei-sertare-wild-oak-sertar-cu-glisiere-soft-close.html,yes
OPS635,Wild Oak bedside table with drawer on soft-close metal rails,Bed,47x32x50,OPS635,https://studioszel.ro/oak/15102-583731-noptiera-cu-1-sertare-wild-oak-sertar-cu-glisiere-soft-close.html,yes
OPS636-180x200,Wild Oak king bed 180x200,Bed,,OPS636-180X200,https://studioszel.ro/oak/15103-583728-pat-king-wild-oak-180x200.html,yes
OPS795,Panoramic Drawer Desk,Drawers unit,,OPS795,https://studioszel.ro/clasic-funiture/32686-551591-birou-cu-sertar-panoramic-stejar.html,yes
OPS796,Elegant Console Table with 3 Drawers and Lower Shelf,Drawers unit,,E-OPS796,https://studioszel.ro/console/35387-579536-consola-eleganta-cu-3-sertare-si-polita-inferioara-stejar.html,yes
OPS797,Console Table with 6 Drawers and Lower Shelf,Drawers unit,,OPS797,https://studioszel.ro/console/32688-553181-consola-cu-6-sertare-si-polita-inferioara-stejar.html,yes
OPS808,"Square Table with Central Metal Leg, Oak Top",Table,,OPS808,https://studioszel.ro/clasic-funiture/33174-569795-masa-patrata-cu-picior-central-metalic-blat-stejar.html,yes
MPS001,Writing desk with five drawers and one door,Drawers unit,160x70x79,MPS001,https://studioszel.ro/mdf-solid-wood-combination/19704-582093-birou-cu-5-sertare-si-o-usa-cu-dim-160x70x79-din-mdf.html,yes
MPS013,Cabinet 2 doors,Other,120x60x190,MPS013,https://studioszel.ro/mdf-solid-wood-combination/19725-582224-bufet-cu-2-usi-cu-dim-120x60x190-din-mdf.html,yes
MPS040,Showcase with 1 drawer,Drawers unit,100x32x195,MPS040,https://studioszel.ro/mdf-solid-wood-combination/20070-582024-biblioteca-cu-1-sertar-cu-dim-100x32x195-din-mdf.html,yes
MPS048,Cabinet 2 sliding doors,Other,125x51x200,MPS048,https://studioszel.ro/mdf-solid-wood-combination/20508-550654-buffet-cu-2-usi-cu-dim-125x51x200-din-mdf.html,yes
PS4001-TOP Z,Bathroom cupboard 2 wash basins -without Sink,Bathroom,150x51x91,,,no
PS4003-TOP Z,Bathroom cupboard 1 wash basin -without Sink,Bathroom,90x51x91,,,no
PS09-TOP Z,Wall table 2 shelves top zinc,Table,145x45x89,,,no
PS10SUP,Display cabinet 3 sliding doors SUP,Display cabinet,206x53x133,,,no
PS23BAS-TOP OAK,Sideboard 3 doors 3 drawers top oak,Sideboard,179x51x90,,,no
PS24SUP,Kitchen display cabinet 3 doors SUP,Display cabinet,164x39x126,,,no
PS25SUP,Kitchen display cabinet 4 doors SUP,Display cabinet,214x39x126,,,no
PS30-TOP OAK,1 drawer wall table top oak,Drawers unit,96x45x76,,,no
PS46BAS-TOP OAK,Sideboard 1 door 3 drawers oak top,Sideboard,116x51x78,,,no
PS57SUP,Display cabinet 2 doors open middle SUP,Display cabinet,223x48x150,,,no
PS59SUP,2 doors corner display cabinet SUP,Display cabinet,114x54x150,,,no
PS68BAS-TOP OAK,1 door display cabinet  BAS oak top,Display cabinet,69x51x78,,,no
PS68SUP,1 door display cabinet SUP,Display cabinet,73x48x150,,,no
PS70SUP,Display cabinet 1 doors,Display cabinet,96x40x132,,,no
PS73BAS-TOP OAK,Display cabinet 3 doors BAS oak top,Display cabinet,179x51x78,,,no
PS75BAS-TOP OAK,Display cabinet 2 doors BAS oak top,Display cabinet,116x51x78,,,no
PS75SUP,Display cabinet 2 doors SUP,Display cabinet,120x48x150,,,no
PS81-TOP OAK,Desk oak top,Desk,130x65x83,,,no
PS96-TOP OAK,Desk oak top,Desk,152x70x78,,,no
PS101-TOP OAK,Sideboard 2 doors 1 drawer oak top,Sideboard,160x46x56,,,no
PS106-TOP OAK,Sideboard 3 drawers 3 open spaces oak top,Sideboard,180x46x56,,,no
PS108-TOP OAK,Sideboard 2 drawers 1 door oak top,Sideboard,50x35x96,,,no
PS116SUP,Display cabinet for  secretaire SUP,Display cabinet,110x35x110,,,no
PS136-TOP OAK,Book shelves oak top,Shelving,58x32x98,,,no
PS141,Sidetable 2 shelves,Table,110x45x89,,,no
PS141-TOP Z,Sidetable 2 shelves zinc top,Table,110x45x89,,,no
PS141-TOP OAK,Sidetable 2 shelves top oak,Table,110x45x89,,,no
PS150-TOP OAK,Chest of  2 drawers over 2 drawers oak top,Chest of drawers,100x50x90,,,no
PS165BAS-TOP OAK,Show-Case BAS oak top,Other,173x47x93,,,no
PS165SUP,Display cabinet 2 doors SUP,Display cabinet,179x40x132,,,no
PS174,Top for PS173,Other,199x47x134,,,no
PS179SUP,Display cabinet 3 doors SUP,Display cabinet,245x40x132,,,no
PS183,Rectangular low glass table 120x80x45,Table,120x80x45,,,no
PS183-TOP OAK,Rectangular low glass table 120x80x45 oak top,Table,120x80x45,,,no
PS187-TOP OAK,"Trunk  120x45x46, oak top",Other,120x45x45,,,no
PS188-TOP OAK,Small bookcase with shelves oak top,Shelving,102x35x102,,,no
PS202-TOP OAK,"Bedside, oak top",Bed,52x32x45,,,no
PS209,Cd-Dvd  Shelves,Shelving,28x19x163,,,no
PS211-TOP OAK,"Medium book-case 2 doors,oak top",Other,76x35x102,,,no
PS224-160/220-TOP OAK,Table 160/220x90x78 oak top,Table,,,,no
PS232SUP,Kitchen display 2doors 4 draw. +open space SUP,Kitchen,138x35x107,,,no
PS238-TOP Z,Console 1 drawer zinc top,Drawers unit,100x45x89,,,no
PS239-TOP OAK,Commode Galbee top oak with soft-close metal rails,Other,130x57x90,,,no
PS240-TOP Z,"Kitchen wall furniture, 2doors, 4 drawers zinc top",Drawers unit,120x65x90,,,no
PS247,Sideboard 2+2  drawers 1 shelf,Sideboard,129x50x60,,,no
PS247-TOP OAK,Sideboard 2+2  drawers 1 shelf oak top,Sideboard,129x50x60,,,no
PS264SUP,Display cabinet 2 doors SUP,Display cabinet,126x42x110,,,no
PS265SUP,Display cabinet 3 doors SUP,Display cabinet,178x42x110,,,no
PS271SUP,Kitchen display cabinet 2 doors SUP,Display cabinet,113x39x126,,,no
PS297SUP,Display cabinet 3 doors SUP,Display cabinet,183x48x150,,,no
PS321SUP,Bookcase open shelves SUP,Shelving,229x47x160,,,no
PS322-190,Pine ladder 190,Other,190x50x12,,,no
PS356-TOP OAK,Sideboard 3+4 drawers Top oak,Sideboard,122x41x75,,,no
PS365SUP,"Kitchen cupboard 4 drawers, 2 doors, open space SUP",Drawers unit,180x35x107,,,no
PS388-TOP Z,Kirchen item 4 drawers Zinc Top,Drawers unit,67x65x90,,,no
PS388-TOP OAK,Kitchen item 4 drawers Top Oak,Drawers unit,67x65x90,,,no
PS404SUP,Display cabinet 4 doors open space SUP,Display cabinet,245x40x132,,,no
PS405SUP,Bookcase open shelves SUP,Shelving,159x47x160,,,no
PS406,Display cabinet 4 doors,Display cabinet,205x40x210,,,no
PS408BAS-TOP OAK,Sideboard 4 doors BAS oak top,Sideboard,219x50x78,,,no
PS408SUP,Display cabinet SUP,Display cabinet,223x45x150,,,no
PS409SUP,Display cabinet SUP,Display cabinet,120x45x150,,,no
PS439SUP,Display cabinet 4 doors open shelves,Display cabinet,300x45x150,,,no
PS442,Kitchen island 2 glass doors,Kitchen,135x85x80,,,no
PS442-TOP Z,Kitchen island 2 glass doors,Kitchen,135x85x80,,,no
PS442-TOP OAK,Kitchen island 2 glass doors,Kitchen,135x85x80,,,no
PS448,"Galbee sideboard middle sized 3 drawers, with soft-close metal rails",Sideboard,80x46x90,,,no
PS458-TOP Z,Kitchen corner furniture 98x98x90,Kitchen,98x98x90,,,no
PS471SUP,Bookcase upper part,Other,120x48x150,,,no
PS480,Display cabinet 1 door,Display cabinet,79x30x180,,,no
PS481SUP,Display cabinet 2 doors and open shelves sup,Display cabinet,184x45x135,,,no
PS485-TOP OAK,Sideboard with12 multicolored drawers oak top,Sideboard,120x36x97,,,no
PS488,Cupboard 2 doors and open shelves,Shelving,160x39x160,,,no
PS493SUP,Display cabinet 4 doors and open shelves sup,Display cabinet,286x48x150,,,no
PS499-TOP Z,Kitchen furniture for square sink zinc top,Kitchen,81x65x90,,,no
PS499-TOP OAK,Kitchen furniture for square sink oak top,Kitchen,81x65x90,,,no
PS511-TOP Z,Kitchen furniture for oven and stove zinc top,Kitchen,120x65x90,,,no
PS517,Display cabinet open shelves 3 drawers,Display cabinet,141x39x197,,,no
PS524-160/200-TOP OAK,Extendible oval table 160/220 oak top,Table,,,,no
PS524-180/220-TOP OAK,Extendible oval table 180/220 oak top,Table,,,,no
PS524-210/250-TOP OAK,Extendible oval table 210/250 oak top,Table,,,,no
PS532-TOP OAK,"Slim coffee table 2 drawers with glass, oak top",Drawers unit,120x65x48,,,no
PS533-TOP OAK,"TV stand 2 door + 4 open space shelves, oak top",TV stand,129x50x70,,,no
PS536BAS-TOP OAK,"Hallway coat hanger + shoe cabinet 2 doors bas, oak top",Hallway,95x41x44,,,no
PS536SUP,Hallway coat hanger + shoe cabinet 2 doors sup,Hallway,101x27x166,,,no
PS538SUP,Small Hallway furniture sup,Hallway,80x19x56,,,no
PS539-TOP OAK,"Hallway coat hanger with mirror, 2 drawers, 1 cabinet, oak top",Drawers unit,121x41x210,,,no
PS540-TOP OAK,"Curved leg Multicolor Chest, 7 drawers, oak top",Chest of drawers,80x48x82,,,no
PS543-TOP Z,"Bathroom ornamental cabinet 3 drawers 1 door, zinc top",Drawers unit,103x51x91,,,no
PS544,Bathroom mirror with 2 door storage,Bathroom,132x21x80,,,no
PS546-TOP Z,"Small Bathroom item with turned legs, zinc top",Bathroom,90x54x90,,,no
PS553BAS-TOP OAK,"Showcase arched cornice 2 doors bas, oak top",Other,101x38x75,,,no
PS553SUP,Showcase arched cornice 2 doors sup,Other,105x40x145,,,no
PS571-TOP OAK,"TV Sideboard Shutter Collection, oak top",Sideboard,160x46x56,,,no
PS572-TOP OAK,"Chest with 2 doors and 1 drawer Shutter Collection, pine top",Chest of drawers,85x37x120,,,no
PS577-TOP Z,"Basic counter 2 drawers, zinc top",Drawers unit,120x51x107,,,no
PS578-TOP Z,"Basic counter 4 drawers, zinc top",Drawers unit,180x51x107,,,no
PS579-TOP OAK,"Wine rack 1 door, oak top",Other,90x41x90,,,no
PS579-TOP Z,"Wine rack 1 door, zinc top",Other,90x41x90,,,no
PS581-160,Turned leg monastery table 160x90,Table,160x90x78,,,no
PS581-160-TOP OAK,"Turned leg monastery table 160x90, top oak",Table,160x90x78,,,no
PS581-180,Turned leg monastery table 180x90,Table,180x90x78,,,no
PS581-180-TOP OAK,"Turned leg monastery table 180x90, top oak",Table,180x90x78,,,no
PS581-210,Turned leg monastery table 210x90,Table,210x90x78,,,no
PS581-210-TOP OAK,"Turned leg monastery table 210x90, top oak",Table,210x90x78,,,no
PS582,Turned leg coffee table,Table,120x60x45,,,no
PS582-TOP OAK,"Turned leg coffee table, top oak",Table,120x60x45,,,no
PS583,Coffee table with plinth,Table,90x90x47,,,no
PS583-TOP OAK,"Coffee table with plinth, top oak",Table,90x90x47,,,no
PS595BAS-TOP OAK,"Glass cabinet 2 sliding doors BAS, top oak",Other,106x47x86,,,no
PS595SUP,Glass cabinet 2 sliding doors SUP,Other,110x45x134,,,no
PS596SUP,Glass cabinet 3 sliding doors SUP,Other,151x45x134,,,no
PS597BAS-TOP OAK,"Cabinet 2 sliding panel doors BAS, top oak",Other,135x48x78,,,no
PS597SUP,Glass cabinet 2 sliding doors SUP for PS597BAS,Other,141x47x134,,,no
PS598BAS-TOP OAK,"Cabinet 3 sliding panel doors BAS, top oak",Other,188x48x78,,,no
PS598SUP,Glass cabinet 3 sliding doors SUP for PS598BAS,Other,194x47x134,,,no
PS599-TOP OAK,"Double square sink kitchen unit - without sink, top oak",Kitchen,155x65x90,,,no
PS602SUP,"Kitchen cabinet 4 doors, SUP",Kitchen,230x42x110,,,no
PS607-TOP OAK,"Big kitchen island with 4  drawers, top oak",Drawers unit,180x85x90,,,no
PS607-TOP Z,"Big kitchen island with 4  drawers, top zinc",Drawers unit,180x85x90,,,no
PS608-TOP Z,"Glass door kitchen island with wine rack, top zinc",Kitchen,150x90x90,,,no
PS609SUP,"Big TV stand with sliding doors, SUP",TV stand,254x42x140,,,no
PS624-130,"Table central leg, colonial",Table,130x130x78,,,no
PS624-130-TOP OAK,"Table central leg, colonial,top oak",Table,130x130x78,,,no
PS625-TOP OAK,"Round seat counter chair, top oak",Other,35x35x82,,,no
PS627BAS,"Double oval sink bathroom cabinet, BAS - without sink",Bathroom,170x60x90,,,no
PS627BAS-TOP OAK,"Double oval sink bathroom cabinet, BAS - without sink, top oak",Bathroom,170x60x90,,,no
PS627BAS-TOP Z,"Double oval sink bathroom cabinet, BAS - without sink, top zinc",Bathroom,170x60x90,,,no
PS627SUP,"Double mirror bathroom cabinet, SUP",Bathroom,174x26x120,,,no
PS627BAS/SUP,Double oval sink bathroom cabinet - without sink+double mirror,Bathroom,174x60x210,,,no
PS628-TOP OAK,"Curved leg bathroom small cabinet - without sink, top oak",Bathroom,90x54x90,,,no
PS643-TOP OAK,"Pure hallway hanging item, oak top",Hallway,100x19x120,,,no
PS644-TOP OAK,"Pure tall cabinet 2 doors Collection ""Pure"", oak top",Other,70x35x197,,,no
PS646-TOP OAK,"Chic sidebard 3 drawers, oak top drawers on metal rails with soft close",Drawers unit,110x48x89,,,no
PS647,Chic sideboard double doors with cup hinges,Sideboard,110x48x89,,,no
PS647-TOP OAK,"Chic sideboard double doors, oak top",Sideboard,110x48x89,,,no
PS650,Chic dining table,Table,110x55x48,,,no
PS650-TOP OAK,"Chic dining table, oak top",Table,110x55x48,,,no
PS655-TOP OAK,"Turned legs bar stool, oak top",Bar,35x35x82,,,no
PS656-TOP OAK,"Low winerack with drawers, oak top",Drawers unit,110x34x90,,,no
PS656-TOP Z,"Low winerack with drawers, zinc top",Drawers unit,110x34x90,,,no
PS663-TOP P,"Chair Clara, pine top",Other,46x41x91,,,no
PS663-TOP OAK,"Chair Clara, oak top",Other,46x41x91,,,no
PS667-TOP Z,"Bathroom base unit shutter door, open central - without sink, zinc top",Bathroom,120x51x75,,,no
PS668-TOP OAK,"Bathroom base unit double shutter doors + 3 drawers - without sink, oak top",Drawers unit,100x51x75,,,no
PS668-TOP Z,"Bathroom base unit double shutter doors + 3 drawers - without sink, zinc top",Drawers unit,100x51x75,,,no
PS671-120-TOP Z,"Bar counter with winerack, zinc top",Bar,120x51x107,,,no
PS672,"Round top bar table, 110cm high",Table,78x78x110,,,no
PS672-TOP OAK,"Round top bar table, 110cm high, oak top",Table,78x78x110,,,no
PS674,"Square top bar table, 110 cm high",Table,80x80x110,,,no
PS674-TOP OAK,"Square top bar table, 110 cm high, oak top",Table,80x80x110,,,no
PS676-TOP OAK,"Colonial table with turned central leg, oak top",Table,130x130x78,,,no
PS678,X base dining table,Table,210x90x78,,,no
PS678-TOP OAK,"X base dining table, oak top",Table,210x90x78,,,no
PS679-TOP OAK,"Stool with turned legs, oak top",Stool,35x35x45,,,no
PS680-TOP OAK,"Round seat stool, turned legs, oak top",Stool,35x35x45,,,no
PS681,Raised bar counter,Bar,180x68x120,,,no
PS681-TOP OAK,"Raised bar counter, oak top",Bar,180x68x120,,,no
PS681-TOP Z,"Raised bar counter, zinc top",Bar,180x68x120,,,no
PS682-TOP Z,"Kitchen island with table, zinc top",Kitchen,150x85x80,,,no
PS683-TOP OAK,"Double square sink kitchen module, oak top",Kitchen,180x65x90,,,no
PS683-TOP Z,"Double square sink kitchen module, zinc top",Kitchen,180x65x90,,,no
PS685-TOP OAK,"Spice rack module, including rectractable basket, oak top",Table,45x65x90,,,no
PS685-TOP Z,"Spice rack module, including rectractable basket, zinc top",Table,45x65x90,,,no
PS687,TV/DVD sideboard,Sideboard,100x53x71,,,no
PS687-TOP OAK,"TV/DVD sideboard, oak top",Sideboard,100x53x71,,,no
PS689BAS,"PS481BAS glass doors, without drawers",Drawers unit,180x48x93,,,no
PS689BAS-TOP OAK,"PS481BAS glass doors, without drawers, oak top",Drawers unit,180x48x93,,,no
PS689BAS/PS481SUP,"PS481BAS glass doors, without drawers+display cabinet 2 doors and open shelves",Display cabinet,184x48x228,,,no
PS691-140X126,"Shutter style headboard, 140",Other,140x10x126,,,no
PS691-160X126,"Shutter style headboard, 160",Other,160x10x126,,,no
PS699BAS-TOP OAK,"Bar furniture with support for glasses and bottle holder BAS, top OAK",Bar,236x48x90,,,no
PS699SUP,Bar furniture with support for glasses and bottle holder SUP,Bar,240x50x120,,,no
PS700,Kitchen module for built-in refrigerator with 1 door,Kitchen,80x65x200,,,no
PS702-TOP OAK,"Kitchen module with 3 drawers and cutlery holder, with metal rails, top OAK",Drawers unit,110x65x90,,,no
PS704-TOP OAK,"SLIM built-in dishwasher kitchen module, top OAK",Kitchen,65x65x90,,,no
PS707,"Wall console with turned legs, two shelves and three drawers",Drawers unit,145x45x89,,,no
PS707-TOP OAK,"Wall console with turned legs, two shelves and three drawers, top oak",Drawers unit,145x45x89,,,no
PS712-TOP OAK,"Bathroom furniture with curved legs, two doors and three drawers, top oak",Drawers unit,150x54x74,,,no
PS714-TOP OAK,"Oval table with turned central leg, top oak",Table,160x130x78,,,no
PS716-TOP OAK,"Bathroom cabinet with ornate foot for 1 vessel sink, top oak",Bathroom,90x51x74,,,no
PS726SUP,"Showcase 2  panel doors, central open space with shelves, SUP",Shelving,223x48x150,,,no
PS727BAS-TOP OAK,"Sideboard, 3 sliding panel doors, 3 drawers, BAS  , top oak",Sideboard,176x51x85,,,no
PS727SUP,"Showcase, 3 sliding doors, SUP",Other,180x48x135,,,no
PS728-TOP OAK,"Chic bathroom furniture for vessel sink with 4 doors and 2 drawers, top oak",Drawers unit,140x57x75,,,no
PS729-TOP OAK,"Chic bathroom furniture for vessel sink with 2 doors and 3  drawers, top oak",Drawers unit,158x54x75,,,no
PS731SUP,"Large bookcase with ornaments, open space with 8 shelves, SUP",Shelving,204x42x150,,,no
PS809,Oval dining table,Table,,,,no
CODE,Designation,Other,,,,no
OPS295BAS,"Sideboard 6 drawers 2 doors, oak",Sideboard,,,,no
OPS4001,"Bathroom cupboard 2 wash basins -without sink, solid oak",Bathroom,150x51x91,,,no
OPS4003,"Bathroom cupboard 1 wash basin, oak, without top",Bathroom,,,,no
OPS787-180,Oak countertop with dimensions 180x100x10,Other,,,,no
OPS787-210,Oak countertop with dimensions 210x100x10,Other,,,,no
OPS787-240,Oak countertop with dimensions 240x100x10,Other,,,,no
OPS798SUP,"Elegant Display Cabinet with 2 Glass Doors, Oak",Display cabinet,129x47x140,,,no
OPS799SUP,"Elegant Display Cabinet with 3 Glass Doors, Oak",Display cabinet,185x49x140,,,no
MPS004SUP,Bookcase,Other,200x40x150,,,no
MPS006SUP,Bookcase,Other,100x40x150,,,no
MPS014SUP,Cabinet 3 sliding door,Other,180x51x132,,,no
MPS016SUP,Cabinet 2 sliding doors,Other,128x51x132,,,no
MPS019SUP,Cabinet 2 sliding doors,Other,150x48x130,,,no
MPS020SUP,Bookcase with 4 doors,Other,230x39x135,,,no
